well_id,name,original_name,source_dataset,operator,license,country,basin,field,formation,lithology,total_depth,trajectory_type,latitude,longitude,x_coord,y_coord,utm_zone,well_type,status,mud_weight
FORCE-15/9-13,FORCE 15/9-13,15/9-13,FORCE_2020,FORCE 2020 Benchmark Consortium (NPD),Norwegian License for Open Government Data (NLOD) 2.0 / CC-BY-4.0,Norway,Norwegian North Sea,Sleipner East Area,Hugin Fm.,Sandstone,3250.0,DIRECTIONAL,58.446168,1.890022,435210.0,6478920.0,31N,Exploration / Benchmark,COMPLETED,11.2
FORCE-16/1-2,FORCE 16/1-2,16/1-2,FORCE_2020,FORCE 2020 Benchmark Consortium (NPD),Norwegian License for Open Government Data (NLOD) 2.0 / CC-BY-4.0,Norway,Norwegian North Sea,Ivar Aasen Area,Heimdal Fm.,Sandstone/Shale,2980.0,VERTICAL,58.845333,2.208441,454320.0,6523100.0,31N,Exploration / Benchmark,COMPLETED,11.2
FORCE-16/10-1,FORCE 16/10-1,16/10-1,FORCE_2020,FORCE 2020 Benchmark Consortium (NPD),Norwegian License for Open Government Data (NLOD) 2.0 / CC-BY-4.0,Norway,Norwegian North Sea,South Viking Graben,Skagerrak Fm.,Shale,3420.0,VERTICAL,58.14786,2.74688,485100.0,6445200.0,31N,Exploration / Benchmark,COMPLETED,11.2
FORCE-16/2-6,FORCE 16/2-6,16/2-6,FORCE_2020,FORCE 2020 Benchmark Consortium (NPD),Norwegian License for Open Government Data (NLOD) 2.0 / CC-BY-4.0,Norway,Norwegian North Sea,Johan Sverdrup Trend,Draupne Fm.,Shale,2840.0,VERTICAL,58.741327,2.409144,465800.0,6511400.0,31N,Exploration / Benchmark,COMPLETED,11.2
FORCE-25/8-5_S,FORCE 25/8-5_S,25/8-5_S,FORCE_2020,FORCE 2020 Benchmark Consortium (NPD),Norwegian License for Open Government Data (NLOD) 2.0 / CC-BY-4.0,Norway,Norwegian North Sea,Balder / Grane Area,Heimdal Fm.,Sandstone,3120.0,DIRECTIONAL,59.441341,2.508949,472150.0,6589300.0,31N,Exploration / Benchmark,COMPLETED,11.2
FORCE-31/2-1,FORCE 31/2-1,31/2-1,FORCE_2020,FORCE 2020 Benchmark Consortium (NPD),Norwegian License for Open Government Data (NLOD) 2.0 / CC-BY-4.0,Norway,Norwegian North Sea,Troll Province,Sognefjord Fm.,Sandstone,3650.0,VERTICAL,60.52729,3.389889,521400.0,6710200.0,31N,Exploration / Benchmark,COMPLETED,11.2
VOLVE-15/9-F-12,Volve 15/9-F-12,15/9-F-12,EQUINOR_VOLVE,Equinor (Volve Public),Equinor Open Data Licence / CC-BY-4.0,Norway,Norwegian North Sea,Volve Field (Block 15/9),Hugin Fm.,Sandstone,3480.0,DIRECTIONAL,58.442966,1.887386,435050.25,6478566.09,31N,Oil Production,COMPLETED,12.0
VOLVE-15/9-F-14,Volve 15/9-F-14,15/9-F-14,EQUINOR_VOLVE,Equinor (Volve Public),Equinor Open Data Licence / CC-BY-4.0,Norway,Norwegian North Sea,Volve Field (Block 15/9),Hugin Fm.,Sandstone,3720.0,DIRECTIONAL,58.442997,1.887468,435055.1,6478569.4,31N,Oil Production,COMPLETED,12.0
VOLVE-15/9-F-1_C,Volve 15/9-F-1 C,15/9-F-1 C,EQUINOR_VOLVE,Equinor (Volve Public),Equinor Open Data Licence / CC-BY-4.0,Norway,Norwegian North Sea,Volve Field (Block 15/9),Hugin Fm.,Sandstone/Shale,3200.0,DIRECTIONAL,58.44293,1.887294,435044.8,6478562.1,31N,Oil Production,COMPLETED,12.0
VOLVE-15/9-F-4,Volve 15/9-F-4,15/9-F-4,EQUINOR_VOLVE,Equinor (Volve Public),Equinor Open Data Licence / CC-BY-4.0,Norway,Norwegian North Sea,Volve Field (Block 15/9),Skagerrak Fm.,Sandstone,3890.0,DIRECTIONAL,58.442955,1.887363,435048.9,6478564.8,31N,Water Injection,COMPLETED,12.0
VOLVE-15/9-F-5,Volve 15/9-F-5,15/9-F-5,EQUINOR_VOLVE,Equinor (Volve Public),Equinor Open Data Licence / CC-BY-4.0,Norway,Norwegian North Sea,Volve Field (Block 15/9),Hugin Fm.,Sandstone,4150.0,HORIZONTAL,58.442977,1.887423,435052.4,6478567.2,31N,Gas Injection / Producer,COMPLETED,12.0
VOLVE-15/9-F-11,Volve 15/9-F-11,15/9-F-11,EQUINOR_VOLVE,Equinor (Volve Public),Equinor Open Data Licence / CC-BY-4.0,Norway,Norwegian North Sea,Volve Field (Block 15/9),Hugin Fm.,Sandstone/Shale,3520.0,DIRECTIONAL,58.442942,1.887317,435046.2,6478563.5,31N,Oil Production,COMPLETED,12.0
VOLVE-15/9-19_A,Volve 15/9-19 A,15/9-19 A,EQUINOR_VOLVE,Equinor (Volve Public),Equinor Open Data Licence / CC-BY-4.0,Norway,Norwegian North Sea,Volve Field (Block 15/9),Sleipner Fm.,Shale,3310.0,DIRECTIONAL,58.447726,1.883291,434820.0,6479100.0,31N,Appraisal Well,COMPLETED,12.0
