WELLBORE,MD,TVD,INCLINATION,AZIMUTH,NORTHING,EASTING,DLS,FORMATION
15/9-F-12,0.00,0.00,0.00,145.00,6478566.09,435050.25,1.20,Nordland Gp.
15/9-F-12,25.00,25.00,0.00,145.10,6478566.09,435050.25,1.20,Nordland Gp.
15/9-F-12,50.00,50.00,0.00,145.20,6478566.09,435050.25,1.20,Nordland Gp.
15/9-F-12,75.00,75.00,0.00,145.30,6478566.09,435050.25,1.20,Nordland Gp.
15/9-F-12,100.00,100.00,0.00,145.40,6478566.09,435050.25,1.20,Nordland Gp.
15/9-F-12,125.00,125.00,0.00,145.50,6478566.09,435050.25,1.20,Nordland Gp.
15/9-F-12,150.00,150.00,0.00,145.60,6478566.09,435050.25,1.20,Nordland Gp.
15/9-F-12,175.00,175.00,0.00,145.70,6478566.09,435050.25,1.20,Nordland Gp.
15/9-F-12,200.00,200.00,0.00,145.80,6478566.09,435050.25,1.20,Nordland Gp.
15/9-F-12,225.00,225.00,0.00,145.90,6478566.09,435050.25,1.20,Nordland Gp.
15/9-F-12,250.00,250.00,0.00,146.00,6478566.09,435050.25,1.20,Nordland Gp.
15/9-F-12,275.00,275.00,0.00,146.10,6478566.09,435050.25,1.20,Nordland Gp.
15/9-F-12,300.00,300.00,0.00,146.20,6478566.09,435050.25,1.20,Nordland Gp.
15/9-F-12,325.00,325.00,0.00,146.30,6478566.09,435050.25,1.20,Nordland Gp.
15/9-F-12,350.00,350.00,0.00,146.40,6478566.09,435050.25,1.20,Nordland Gp.
15/9-F-12,375.00,375.00,0.00,146.50,6478566.09,435050.25,1.20,Nordland Gp.
15/9-F-12,400.00,400.00,0.00,146.60,6478566.09,435050.25,1.20,Nordland Gp.
15/9-F-12,425.00,425.00,0.00,146.70,6478566.09,435050.25,1.20,Nordland Gp.
15/9-F-12,450.00,450.00,0.00,146.80,6478566.09,435050.25,1.20,Nordland Gp.
15/9-F-12,475.00,475.00,0.00,146.90,6478566.09,435050.25,1.20,Nordland Gp.
15/9-F-12,500.00,500.00,0.00,147.00,6478566.09,435050.25,1.20,Hordaland Gp.
15/9-F-12,525.00,523.20,6.79,147.10,6478547.83,435062.06,1.20,Hordaland Gp.
15/9-F-12,550.00,547.93,7.11,147.20,6478546.03,435063.18,1.20,Hordaland Gp.
15/9-F-12,575.00,572.63,7.44,147.30,6478544.14,435064.34,1.20,Hordaland Gp.
15/9-F-12,600.00,597.31,7.76,147.40,6478542.17,435065.55,1.20,Hordaland Gp.
15/9-F-12,625.00,621.96,8.08,147.50,6478540.11,435066.80,1.20,Hordaland Gp.
15/9-F-12,650.00,646.58,8.41,147.60,6478537.96,435068.10,1.20,Hordaland Gp.
15/9-F-12,675.00,671.17,8.73,147.70,6478535.73,435069.45,1.20,Hordaland Gp.
15/9-F-12,700.00,695.72,9.05,147.80,6478533.40,435070.83,1.20,Hordaland Gp.
15/9-F-12,725.00,720.25,9.38,147.90,6478530.99,435072.27,1.20,Hordaland Gp.
15/9-F-12,750.00,744.74,9.70,148.00,6478528.50,435073.74,1.20,Hordaland Gp.
15/9-F-12,775.00,769.20,10.02,148.10,6478525.91,435075.26,1.20,Hordaland Gp.
15/9-F-12,800.00,793.62,10.34,148.20,6478523.24,435076.82,1.20,Hordaland Gp.
15/9-F-12,825.00,818.00,10.67,148.30,6478520.48,435078.42,1.20,Hordaland Gp.
15/9-F-12,850.00,842.35,10.99,148.40,6478517.63,435080.06,1.20,Hordaland Gp.
15/9-F-12,875.00,866.65,11.31,148.50,6478514.69,435081.75,1.20,Hordaland Gp.
15/9-F-12,900.00,890.92,11.64,148.60,6478511.66,435083.47,1.20,Hordaland Gp.
15/9-F-12,925.00,915.14,11.96,148.70,6478508.55,435085.24,1.20,Hordaland Gp.
15/9-F-12,950.00,939.32,12.28,148.80,6478505.34,435087.04,1.20,Hordaland Gp.
15/9-F-12,975.00,963.46,12.61,148.90,6478502.05,435088.88,1.20,Hordaland Gp.
15/9-F-12,1000.00,987.55,12.93,149.00,6478498.66,435090.76,1.20,Rogaland Gp.
15/9-F-12,1025.00,1011.59,13.25,149.10,6478495.19,435092.68,1.20,Rogaland Gp.
15/9-F-12,1050.00,1035.59,13.58,149.20,6478491.63,435094.64,1.20,Rogaland Gp.
15/9-F-12,1075.00,1059.53,13.90,149.30,6478487.98,435096.63,1.20,Rogaland Gp.
15/9-F-12,1100.00,1083.43,14.22,149.40,6478484.23,435098.66,1.20,Rogaland Gp.
15/9-F-12,1125.00,1107.28,14.55,149.50,6478480.40,435100.72,1.20,Rogaland Gp.
15/9-F-12,1150.00,1131.07,14.87,149.60,6478476.48,435102.82,1.20,Rogaland Gp.
15/9-F-12,1175.00,1154.81,15.19,149.70,6478472.47,435104.96,1.20,Rogaland Gp.
15/9-F-12,1200.00,1178.50,15.52,149.80,6478468.37,435107.13,1.20,Rogaland Gp.
15/9-F-12,1225.00,1202.13,15.84,149.90,6478464.18,435109.33,1.20,Rogaland Gp.
15/9-F-12,1250.00,1225.71,16.16,150.00,6478459.90,435111.56,1.20,Rogaland Gp.
15/9-F-12,1275.00,1249.22,16.49,150.10,6478455.52,435113.83,1.20,Rogaland Gp.
15/9-F-12,1300.00,1272.68,16.81,150.20,6478451.06,435116.13,1.20,Rogaland Gp.
15/9-F-12,1325.00,1296.08,17.13,150.30,6478446.51,435118.46,1.20,Rogaland Gp.
15/9-F-12,1350.00,1319.41,17.46,150.40,6478441.86,435120.82,1.20,Rogaland Gp.
15/9-F-12,1375.00,1342.69,17.78,150.50,6478437.13,435123.21,1.20,Rogaland Gp.
15/9-F-12,1400.00,1365.90,18.10,150.60,6478432.30,435125.63,1.20,Rogaland Gp.
15/9-F-12,1425.00,1389.04,18.43,150.70,6478427.39,435128.09,1.20,Rogaland Gp.
15/9-F-12,1450.00,1412.12,18.75,150.80,6478422.38,435130.57,1.20,Rogaland Gp.
15/9-F-12,1475.00,1435.13,19.07,150.90,6478417.28,435133.07,1.20,Rogaland Gp.
15/9-F-12,1500.00,1458.08,19.40,151.00,6478412.09,435135.61,1.20,Shetland Gp.
15/9-F-12,1525.00,1480.96,19.72,151.10,6478406.82,435138.17,1.20,Shetland Gp.
15/9-F-12,1550.00,1503.76,20.04,151.20,6478401.44,435140.76,1.20,Shetland Gp.
15/9-F-12,1575.00,1526.49,20.37,151.30,6478395.98,435143.38,1.20,Shetland Gp.
15/9-F-12,1600.00,1549.16,20.69,151.40,6478390.43,435146.02,1.20,Shetland Gp.
15/9-F-12,1625.00,1571.74,21.01,151.50,6478384.79,435148.69,1.20,Shetland Gp.
15/9-F-12,1650.00,1594.26,21.34,151.60,6478379.05,435151.38,1.20,Shetland Gp.
15/9-F-12,1675.00,1616.70,21.66,151.70,6478373.23,435154.10,1.20,Shetland Gp.
15/9-F-12,1700.00,1639.06,21.98,151.80,6478367.31,435156.83,1.20,Shetland Gp.
15/9-F-12,1725.00,1661.34,22.31,151.90,6478361.30,435159.60,1.20,Shetland Gp.
15/9-F-12,1750.00,1683.54,22.63,152.00,6478355.21,435162.38,1.20,Shetland Gp.
15/9-F-12,1775.00,1705.67,22.95,152.10,6478349.02,435165.18,1.20,Shetland Gp.
15/9-F-12,1800.00,1727.71,23.28,152.20,6478342.74,435168.01,1.20,Shetland Gp.
15/9-F-12,1825.00,1749.67,23.60,152.30,6478336.37,435170.86,1.20,Shetland Gp.
15/9-F-12,1850.00,1771.55,23.92,152.40,6478329.90,435173.73,1.20,Shetland Gp.
15/9-F-12,1875.00,1793.34,24.25,152.50,6478323.35,435176.61,1.20,Shetland Gp.
15/9-F-12,1900.00,1815.05,24.57,152.60,6478316.71,435179.52,1.20,Shetland Gp.
15/9-F-12,1925.00,1836.67,24.89,152.70,6478309.97,435182.44,1.20,Shetland Gp.
15/9-F-12,1950.00,1858.20,25.22,152.80,6478303.15,435185.38,1.20,Shetland Gp.
15/9-F-12,1975.00,1879.64,25.54,152.90,6478296.23,435188.34,1.20,Shetland Gp.
15/9-F-12,2000.00,1900.99,25.86,153.00,6478289.22,435191.32,1.20,Draupne Fm.
15/9-F-12,2025.00,1922.26,26.19,153.10,6478282.13,435194.31,1.20,Draupne Fm.
15/9-F-12,2050.00,1943.43,26.51,153.20,6478274.94,435197.32,1.20,Draupne Fm.
15/9-F-12,2075.00,1964.50,26.83,153.30,6478267.66,435200.34,1.20,Draupne Fm.
15/9-F-12,2100.00,1985.49,27.16,153.40,6478260.29,435203.38,1.20,Draupne Fm.
15/9-F-12,2125.00,2006.37,27.48,153.50,6478252.83,435206.43,1.20,Draupne Fm.
15/9-F-12,2150.00,2027.16,27.80,153.60,6478245.29,435209.50,1.20,Draupne Fm.
15/9-F-12,2175.00,2047.86,28.12,153.70,6478237.65,435212.58,1.20,Draupne Fm.
15/9-F-12,2200.00,2068.45,28.45,153.80,6478229.92,435215.67,1.20,Draupne Fm.
15/9-F-12,2225.00,2088.95,28.77,153.90,6478222.10,435218.77,1.20,Draupne Fm.
15/9-F-12,2250.00,2109.34,29.09,154.00,6478214.19,435221.88,1.20,Draupne Fm.
15/9-F-12,2275.00,2129.64,29.42,154.10,6478206.19,435225.01,1.20,Draupne Fm.
15/9-F-12,2300.00,2149.83,29.74,154.20,6478198.10,435228.14,1.20,Draupne Fm.
15/9-F-12,2325.00,2169.92,30.06,154.30,6478189.93,435231.29,1.20,Draupne Fm.
15/9-F-12,2350.00,2189.90,30.39,154.40,6478181.66,435234.44,1.20,Draupne Fm.
15/9-F-12,2375.00,2209.77,30.71,154.50,6478173.30,435237.60,1.20,Draupne Fm.
15/9-F-12,2400.00,2229.54,31.03,154.60,6478164.86,435240.77,1.20,Draupne Fm.
15/9-F-12,2425.00,2249.21,31.36,154.70,6478156.33,435243.94,1.20,Draupne Fm.
15/9-F-12,2450.00,2268.76,31.68,154.80,6478147.70,435247.13,1.20,Draupne Fm.
15/9-F-12,2475.00,2288.20,32.00,154.90,6478138.99,435250.32,1.20,Draupne Fm.
15/9-F-12,2500.00,2307.53,32.33,155.00,6478130.19,435253.51,1.20,Heather Fm.
15/9-F-12,2525.00,2326.75,32.65,155.10,6478121.30,435256.71,1.20,Heather Fm.
15/9-F-12,2550.00,2345.86,32.97,155.20,6478112.33,435259.92,1.20,Heather Fm.
15/9-F-12,2575.00,2364.85,33.30,155.30,6478103.27,435263.13,1.20,Heather Fm.
15/9-F-12,2600.00,2383.73,33.62,155.40,6478094.11,435266.34,1.20,Heather Fm.
15/9-F-12,2625.00,2402.49,33.94,155.50,6478084.87,435269.55,1.20,Heather Fm.
15/9-F-12,2650.00,2421.14,34.27,155.60,6478075.55,435272.77,1.20,Heather Fm.
15/9-F-12,2675.00,2439.67,34.59,155.70,6478066.13,435275.99,1.20,Heather Fm.
15/9-F-12,2700.00,2458.07,34.91,155.80,6478056.63,435279.21,1.20,Heather Fm.
15/9-F-12,2725.00,2476.36,35.24,155.90,6478047.05,435282.43,1.20,Heather Fm.
15/9-F-12,2750.00,2494.53,35.56,156.00,6478037.37,435285.65,1.20,Heather Fm.
15/9-F-12,2775.00,2512.57,35.88,156.10,6478027.61,435288.87,1.20,Heather Fm.
15/9-F-12,2800.00,2530.49,36.21,156.20,6478017.76,435292.09,1.20,Heather Fm.
15/9-F-12,2825.00,2548.29,36.53,156.30,6478007.83,435295.31,1.20,Heather Fm.
15/9-F-12,2850.00,2565.96,36.85,156.40,6477997.81,435298.53,1.20,Heather Fm.
15/9-F-12,2875.00,2583.51,37.18,156.50,6477987.71,435301.74,1.20,Heather Fm.
15/9-F-12,2900.00,2600.93,37.50,156.60,6477977.52,435304.95,1.20,Heather Fm.
15/9-F-12,2925.00,2618.22,37.82,156.70,6477967.24,435308.15,1.20,Heather Fm.
15/9-F-12,2950.00,2635.39,38.15,156.80,6477956.88,435311.36,1.20,Heather Fm.
15/9-F-12,2975.00,2652.42,38.47,156.90,6477946.44,435314.55,1.20,Heather Fm.
15/9-F-12,3000.00,2669.32,38.79,157.00,6477935.91,435317.75,1.20,Hugin Fm.
15/9-F-12,3025.00,2686.09,39.12,157.10,6477925.30,435320.93,1.20,Hugin Fm.
15/9-F-12,3050.00,2702.73,39.44,157.20,6477914.60,435324.11,1.20,Hugin Fm.
15/9-F-12,3075.00,2719.23,39.76,157.30,6477903.82,435327.28,1.20,Hugin Fm.
15/9-F-12,3100.00,2735.60,40.09,157.40,6477892.96,435330.45,1.20,Hugin Fm.
15/9-F-12,3125.00,2751.84,40.41,157.50,6477882.01,435333.60,1.20,Hugin Fm.
15/9-F-12,3150.00,2767.93,40.73,157.60,6477870.98,435336.75,1.20,Hugin Fm.
15/9-F-12,3175.00,2783.89,41.06,157.70,6477859.87,435339.89,1.20,Hugin Fm.
15/9-F-12,3200.00,2799.72,41.38,157.80,6477848.68,435343.02,1.20,Hugin Fm.
15/9-F-12,3225.00,2815.40,41.70,157.90,6477837.40,435346.14,1.20,Hugin Fm.
15/9-F-12,3250.00,2830.94,42.03,158.00,6477826.04,435349.25,1.20,Hugin Fm.
15/9-F-12,3275.00,2846.34,42.35,158.10,6477814.60,435352.35,1.20,Hugin Fm.
15/9-F-12,3300.00,2861.60,42.67,158.20,6477803.09,435355.43,1.20,Hugin Fm.
15/9-F-12,3325.00,2876.72,43.00,158.30,6477791.49,435358.50,1.20,Hugin Fm.
15/9-F-12,3350.00,2891.69,43.32,158.40,6477779.80,435361.56,1.20,Hugin Fm.
15/9-F-12,3375.00,2906.52,43.64,158.50,6477768.04,435364.61,1.20,Hugin Fm.
15/9-F-12,3400.00,2921.20,43.97,158.60,6477756.20,435367.64,1.20,Hugin Fm.
15/9-F-12,3425.00,2935.73,44.29,158.70,6477744.28,435370.66,1.20,Hugin Fm.
15/9-F-12,3450.00,2950.12,44.61,158.80,6477732.29,435373.66,1.20,Hugin Fm.
15/9-F-12,3475.00,2964.36,44.94,158.90,6477720.21,435376.65,1.20,Hugin Fm.
15/9-F-14,0.00,0.00,0.00,145.00,6478569.40,435055.10,1.20,Nordland Gp.
15/9-F-14,25.00,25.00,0.00,145.10,6478569.40,435055.10,1.20,Nordland Gp.
15/9-F-14,50.00,50.00,0.00,145.20,6478569.40,435055.10,1.20,Nordland Gp.
15/9-F-14,75.00,75.00,0.00,145.30,6478569.40,435055.10,1.20,Nordland Gp.
15/9-F-14,100.00,100.00,0.00,145.40,6478569.40,435055.10,1.20,Nordland Gp.
15/9-F-14,125.00,125.00,0.00,145.50,6478569.40,435055.10,1.20,Nordland Gp.
15/9-F-14,150.00,150.00,0.00,145.60,6478569.40,435055.10,1.20,Nordland Gp.
15/9-F-14,175.00,175.00,0.00,145.70,6478569.40,435055.10,1.20,Nordland Gp.
15/9-F-14,200.00,200.00,0.00,145.80,6478569.40,435055.10,1.20,Nordland Gp.
15/9-F-14,225.00,225.00,0.00,145.90,6478569.40,435055.10,1.20,Nordland Gp.
15/9-F-14,250.00,250.00,0.00,146.00,6478569.40,435055.10,1.20,Nordland Gp.
15/9-F-14,275.00,275.00,0.00,146.10,6478569.40,435055.10,1.20,Nordland Gp.
15/9-F-14,300.00,300.00,0.00,146.20,6478569.40,435055.10,1.20,Nordland Gp.
15/9-F-14,325.00,325.00,0.00,146.30,6478569.40,435055.10,1.20,Nordland Gp.
15/9-F-14,350.00,350.00,0.00,146.40,6478569.40,435055.10,1.20,Nordland Gp.
15/9-F-14,375.00,375.00,0.00,146.50,6478569.40,435055.10,1.20,Nordland Gp.
15/9-F-14,400.00,400.00,0.00,146.60,6478569.40,435055.10,1.20,Nordland Gp.
15/9-F-14,425.00,425.00,0.00,146.70,6478569.40,435055.10,1.20,Nordland Gp.
15/9-F-14,450.00,450.00,0.00,146.80,6478569.40,435055.10,1.20,Nordland Gp.
15/9-F-14,475.00,475.00,0.00,146.90,6478569.40,435055.10,1.20,Nordland Gp.
15/9-F-14,500.00,500.00,0.00,147.00,6478569.40,435055.10,1.20,Nordland Gp.
15/9-F-14,525.00,523.42,6.35,147.10,6478552.32,435066.15,1.20,Nordland Gp.
15/9-F-14,550.00,548.18,6.65,147.20,6478550.63,435067.20,1.20,Hordaland Gp.
15/9-F-14,575.00,572.93,6.96,147.30,6478548.87,435068.28,1.20,Hordaland Gp.
15/9-F-14,600.00,597.64,7.26,147.40,6478547.02,435069.41,1.20,Hordaland Gp.
15/9-F-14,625.00,622.34,7.56,147.50,6478545.09,435070.59,1.20,Hordaland Gp.
15/9-F-14,650.00,647.00,7.86,147.60,6478543.08,435071.80,1.20,Hordaland Gp.
15/9-F-14,675.00,671.64,8.17,147.70,6478540.99,435073.06,1.20,Hordaland Gp.
15/9-F-14,700.00,696.26,8.47,147.80,6478538.82,435074.36,1.20,Hordaland Gp.
15/9-F-14,725.00,720.84,8.77,147.90,6478536.56,435075.70,1.20,Hordaland Gp.
15/9-F-14,750.00,745.40,9.07,148.00,6478534.22,435077.08,1.20,Hordaland Gp.
15/9-F-14,775.00,769.92,9.38,148.10,6478531.80,435078.50,1.20,Hordaland Gp.
15/9-F-14,800.00,794.41,9.68,148.20,6478529.30,435079.96,1.20,Hordaland Gp.
15/9-F-14,825.00,818.88,9.98,148.30,6478526.71,435081.46,1.20,Hordaland Gp.
15/9-F-14,850.00,843.30,10.28,148.40,6478524.05,435083.00,1.20,Hordaland Gp.
15/9-F-14,875.00,867.69,10.58,148.50,6478521.30,435084.58,1.20,Hordaland Gp.
15/9-F-14,900.00,892.05,10.89,148.60,6478518.46,435086.19,1.20,Hordaland Gp.
15/9-F-14,925.00,916.37,11.19,148.70,6478515.54,435087.85,1.20,Hordaland Gp.
15/9-F-14,950.00,940.65,11.49,148.80,6478512.54,435089.53,1.20,Hordaland Gp.
15/9-F-14,975.00,964.90,11.79,148.90,6478509.46,435091.26,1.20,Hordaland Gp.
15/9-F-14,1000.00,989.10,12.10,149.00,6478506.29,435093.02,1.20,Hordaland Gp.
15/9-F-14,1025.00,1013.26,12.40,149.10,6478503.04,435094.82,1.20,Hordaland Gp.
15/9-F-14,1050.00,1037.38,12.70,149.20,6478499.70,435096.65,1.20,Hordaland Gp.
15/9-F-14,1075.00,1061.46,13.00,149.30,6478496.28,435098.51,1.20,Shetland Gp.
15/9-F-14,1100.00,1085.50,13.31,149.40,6478492.78,435100.41,1.20,Shetland Gp.
15/9-F-14,1125.00,1109.49,13.61,149.50,6478489.19,435102.35,1.20,Shetland Gp.
15/9-F-14,1150.00,1133.43,13.91,149.60,6478485.52,435104.31,1.20,Shetland Gp.
15/9-F-14,1175.00,1157.33,14.21,149.70,6478481.76,435106.31,1.20,Shetland Gp.
15/9-F-14,1200.00,1181.18,14.52,149.80,6478477.91,435108.35,1.20,Shetland Gp.
15/9-F-14,1225.00,1204.98,14.82,149.90,6478473.99,435110.41,1.20,Shetland Gp.
15/9-F-14,1250.00,1228.73,15.12,150.00,6478469.98,435112.50,1.20,Shetland Gp.
15/9-F-14,1275.00,1252.43,15.42,150.10,6478465.88,435114.63,1.20,Shetland Gp.
15/9-F-14,1300.00,1276.08,15.73,150.20,6478461.70,435116.78,1.20,Shetland Gp.
15/9-F-14,1325.00,1299.68,16.03,150.30,6478457.43,435118.97,1.20,Shetland Gp.
15/9-F-14,1350.00,1323.22,16.33,150.40,6478453.08,435121.18,1.20,Shetland Gp.
15/9-F-14,1375.00,1346.71,16.63,150.50,6478448.64,435123.42,1.20,Shetland Gp.
15/9-F-14,1400.00,1370.14,16.94,150.60,6478444.12,435125.69,1.20,Shetland Gp.
15/9-F-14,1425.00,1393.52,17.24,150.70,6478439.51,435127.99,1.20,Shetland Gp.
15/9-F-14,1450.00,1416.83,17.54,150.80,6478434.81,435130.32,1.20,Shetland Gp.
15/9-F-14,1475.00,1440.09,17.84,150.90,6478430.04,435132.67,1.20,Shetland Gp.
15/9-F-14,1500.00,1463.29,18.15,151.00,6478425.17,435135.05,1.20,Shetland Gp.
15/9-F-14,1525.00,1486.43,18.45,151.10,6478420.22,435137.45,1.20,Shetland Gp.
15/9-F-14,1550.00,1509.51,18.75,151.20,6478415.18,435139.88,1.20,Shetland Gp.
15/9-F-14,1575.00,1532.52,19.05,151.30,6478410.06,435142.33,1.20,Shetland Gp.
15/9-F-14,1600.00,1555.48,19.35,151.40,6478404.85,435144.81,1.20,Cromer Knoll Gp.
15/9-F-14,1625.00,1578.36,19.66,151.50,6478399.56,435147.32,1.20,Cromer Knoll Gp.
15/9-F-14,1650.00,1601.18,19.96,151.60,6478394.18,435149.84,1.20,Cromer Knoll Gp.
15/9-F-14,1675.00,1623.94,20.26,151.70,6478388.72,435152.39,1.20,Cromer Knoll Gp.
15/9-F-14,1700.00,1646.63,20.56,151.80,6478383.17,435154.96,1.20,Cromer Knoll Gp.
15/9-F-14,1725.00,1669.25,20.87,151.90,6478377.53,435157.55,1.20,Cromer Knoll Gp.
15/9-F-14,1750.00,1691.80,21.17,152.00,6478371.81,435160.16,1.20,Cromer Knoll Gp.
15/9-F-14,1775.00,1714.28,21.47,152.10,6478366.00,435162.80,1.20,Cromer Knoll Gp.
15/9-F-14,1800.00,1736.68,21.77,152.20,6478360.10,435165.45,1.20,Cromer Knoll Gp.
15/9-F-14,1825.00,1759.02,22.08,152.30,6478354.12,435168.12,1.20,Cromer Knoll Gp.
15/9-F-14,1850.00,1781.28,22.38,152.40,6478348.06,435170.82,1.20,Cromer Knoll Gp.
15/9-F-14,1875.00,1803.47,22.68,152.50,6478341.90,435173.53,1.20,Cromer Knoll Gp.
15/9-F-14,1900.00,1825.58,22.98,152.60,6478335.67,435176.26,1.20,Cromer Knoll Gp.
15/9-F-14,1925.00,1847.62,23.29,152.70,6478329.34,435179.00,1.20,Cromer Knoll Gp.
15/9-F-14,1950.00,1869.58,23.59,152.80,6478322.93,435181.77,1.20,Cromer Knoll Gp.
15/9-F-14,1975.00,1891.46,23.89,152.90,6478316.44,435184.55,1.20,Cromer Knoll Gp.
15/9-F-14,2000.00,1913.27,24.19,153.00,6478309.85,435187.35,1.20,Cromer Knoll Gp.
15/9-F-14,2025.00,1934.99,24.50,153.10,6478303.19,435190.16,1.20,Cromer Knoll Gp.
15/9-F-14,2050.00,1956.63,24.80,153.20,6478296.43,435192.98,1.20,Cromer Knoll Gp.
15/9-F-14,2075.00,1978.19,25.10,153.30,6478289.60,435195.83,1.20,Cromer Knoll Gp.
15/9-F-14,2100.00,1999.67,25.40,153.40,6478282.67,435198.68,1.20,Cromer Knoll Gp.
15/9-F-14,2125.00,2021.06,25.71,153.50,6478275.66,435201.55,1.20,Cromer Knoll Gp.
15/9-F-14,2150.00,2042.37,26.01,153.60,6478268.57,435204.44,1.20,Draupne Fm.
15/9-F-14,2175.00,2063.60,26.31,153.70,6478261.38,435207.33,1.20,Draupne Fm.
15/9-F-14,2200.00,2084.73,26.61,153.80,6478254.12,435210.24,1.20,Draupne Fm.
15/9-F-14,2225.00,2105.78,26.92,153.90,6478246.77,435213.16,1.20,Draupne Fm.
15/9-F-14,2250.00,2126.75,27.22,154.00,6478239.33,435216.09,1.20,Draupne Fm.
15/9-F-14,2275.00,2147.62,27.52,154.10,6478231.81,435219.03,1.20,Draupne Fm.
15/9-F-14,2300.00,2168.40,27.82,154.20,6478224.20,435221.98,1.20,Draupne Fm.
15/9-F-14,2325.00,2189.09,28.12,154.30,6478216.51,435224.94,1.20,Draupne Fm.
15/9-F-14,2350.00,2209.69,28.43,154.40,6478208.73,435227.90,1.20,Draupne Fm.
15/9-F-14,2375.00,2230.19,28.73,154.50,6478200.87,435230.88,1.20,Draupne Fm.
15/9-F-14,2400.00,2250.61,29.03,154.60,6478192.92,435233.87,1.20,Draupne Fm.
15/9-F-14,2425.00,2270.92,29.33,154.70,6478184.89,435236.86,1.20,Draupne Fm.
15/9-F-14,2450.00,2291.14,29.64,154.80,6478176.77,435239.86,1.20,Draupne Fm.
15/9-F-14,2475.00,2311.27,29.94,154.90,6478168.57,435242.86,1.20,Draupne Fm.
15/9-F-14,2500.00,2331.29,30.24,155.00,6478160.29,435245.87,1.20,Draupne Fm.
15/9-F-14,2525.00,2351.22,30.54,155.10,6478151.92,435248.89,1.20,Draupne Fm.
15/9-F-14,2550.00,2371.05,30.85,155.20,6478143.46,435251.91,1.20,Draupne Fm.
15/9-F-14,2575.00,2390.78,31.15,155.30,6478134.93,435254.94,1.20,Draupne Fm.
15/9-F-14,2600.00,2410.40,31.45,155.40,6478126.30,435257.97,1.20,Draupne Fm.
15/9-F-14,2625.00,2429.93,31.75,155.50,6478117.60,435261.00,1.20,Draupne Fm.
15/9-F-14,2650.00,2449.35,32.06,155.60,6478108.81,435264.03,1.20,Draupne Fm.
15/9-F-14,2675.00,2468.67,32.36,155.70,6478099.94,435267.07,1.20,Hugin Fm.
15/9-F-14,2700.00,2487.88,32.66,155.80,6478090.98,435270.11,1.20,Hugin Fm.
15/9-F-14,2725.00,2506.99,32.96,155.90,6478081.94,435273.15,1.20,Hugin Fm.
15/9-F-14,2750.00,2525.99,33.27,156.00,6478072.82,435276.19,1.20,Hugin Fm.
15/9-F-14,2775.00,2544.88,33.57,156.10,6478063.62,435279.23,1.20,Hugin Fm.
15/9-F-14,2800.00,2563.67,33.87,156.20,6478054.33,435282.27,1.20,Hugin Fm.
15/9-F-14,2825.00,2582.34,34.17,156.30,6478044.96,435285.31,1.20,Hugin Fm.
15/9-F-14,2850.00,2600.91,34.48,156.40,6478035.51,435288.35,1.20,Hugin Fm.
15/9-F-14,2875.00,2619.36,34.78,156.50,6478025.97,435291.39,1.20,Hugin Fm.
15/9-F-14,2900.00,2637.70,35.08,156.60,6478016.36,435294.42,1.20,Hugin Fm.
15/9-F-14,2925.00,2655.93,35.38,156.70,6478006.66,435297.45,1.20,Hugin Fm.
15/9-F-14,2950.00,2674.05,35.69,156.80,6477996.88,435300.48,1.20,Hugin Fm.
15/9-F-14,2975.00,2692.05,35.99,156.90,6477987.02,435303.51,1.20,Hugin Fm.
15/9-F-14,3000.00,2709.93,36.29,157.00,6477977.07,435306.53,1.20,Hugin Fm.
15/9-F-14,3025.00,2727.70,36.59,157.10,6477967.05,435309.54,1.20,Hugin Fm.
15/9-F-14,3050.00,2745.36,36.90,157.20,6477956.95,435312.55,1.20,Hugin Fm.
15/9-F-14,3075.00,2762.89,37.20,157.30,6477946.76,435315.56,1.20,Hugin Fm.
15/9-F-14,3100.00,2780.31,37.50,157.40,6477936.50,435318.55,1.20,Hugin Fm.
15/9-F-14,3125.00,2797.60,37.80,157.50,6477926.15,435321.54,1.20,Hugin Fm.
15/9-F-14,3150.00,2814.78,38.10,157.60,6477915.72,435324.53,1.20,Hugin Fm.
15/9-F-14,3175.00,2831.83,38.41,157.70,6477905.22,435327.50,1.20,Hugin Fm.
15/9-F-14,3200.00,2848.76,38.71,157.80,6477894.63,435330.47,1.20,Skagerrak Fm.
15/9-F-14,3225.00,2865.57,39.01,157.90,6477883.97,435333.42,1.20,Skagerrak Fm.
15/9-F-14,3250.00,2882.26,39.31,158.00,6477873.23,435336.37,1.20,Skagerrak Fm.
15/9-F-14,3275.00,2898.82,39.62,158.10,6477862.40,435339.31,1.20,Skagerrak Fm.
15/9-F-14,3300.00,2915.25,39.92,158.20,6477851.50,435342.24,1.20,Skagerrak Fm.
15/9-F-14,3325.00,2931.56,40.22,158.30,6477840.52,435345.16,1.20,Skagerrak Fm.
15/9-F-14,3350.00,2947.74,40.52,158.40,6477829.47,435348.06,1.20,Skagerrak Fm.
15/9-F-14,3375.00,2963.79,40.83,158.50,6477818.33,435350.95,1.20,Skagerrak Fm.
15/9-F-14,3400.00,2979.72,41.13,158.60,6477807.12,435353.84,1.20,Skagerrak Fm.
15/9-F-14,3425.00,2995.51,41.43,158.70,6477795.83,435356.70,1.20,Skagerrak Fm.
15/9-F-14,3450.00,3011.18,41.73,158.80,6477784.46,435359.56,1.20,Skagerrak Fm.
15/9-F-14,3475.00,3026.71,42.04,158.90,6477773.02,435362.40,1.20,Skagerrak Fm.
15/9-F-14,3500.00,3042.11,42.34,159.00,6477761.50,435365.23,1.20,Skagerrak Fm.
15/9-F-14,3525.00,3057.38,42.64,159.10,6477749.90,435368.04,1.20,Skagerrak Fm.
15/9-F-14,3550.00,3072.51,42.94,159.20,6477738.23,435370.83,1.20,Skagerrak Fm.
15/9-F-14,3575.00,3087.51,43.25,159.30,6477726.48,435373.61,1.20,Skagerrak Fm.
15/9-F-14,3600.00,3102.38,43.55,159.40,6477714.65,435376.38,1.20,Skagerrak Fm.
15/9-F-14,3625.00,3117.11,43.85,159.50,6477702.75,435379.13,1.20,Skagerrak Fm.
15/9-F-14,3650.00,3131.70,44.15,159.60,6477690.78,435381.86,1.20,Skagerrak Fm.
15/9-F-14,3675.00,3146.15,44.46,159.70,6477678.73,435384.57,1.20,Skagerrak Fm.
15/9-F-14,3700.00,3160.47,44.76,159.80,6477666.61,435387.26,1.20,Skagerrak Fm.
15/9-F-1 C,0.00,0.00,0.00,145.00,6478562.10,435044.80,1.20,Nordland Gp.
15/9-F-1 C,25.00,25.00,0.00,145.10,6478562.10,435044.80,1.20,Nordland Gp.
15/9-F-1 C,50.00,50.00,0.00,145.20,6478562.10,435044.80,1.20,Nordland Gp.
15/9-F-1 C,75.00,75.00,0.00,145.30,6478562.10,435044.80,1.20,Nordland Gp.
15/9-F-1 C,100.00,100.00,0.00,145.40,6478562.10,435044.80,1.20,Nordland Gp.
15/9-F-1 C,125.00,125.00,0.00,145.50,6478562.10,435044.80,1.20,Nordland Gp.
15/9-F-1 C,150.00,150.00,0.00,145.60,6478562.10,435044.80,1.20,Nordland Gp.
15/9-F-1 C,175.00,175.00,0.00,145.70,6478562.10,435044.80,1.20,Nordland Gp.
15/9-F-1 C,200.00,200.00,0.00,145.80,6478562.10,435044.80,1.20,Nordland Gp.
15/9-F-1 C,225.00,225.00,0.00,145.90,6478562.10,435044.80,1.20,Nordland Gp.
15/9-F-1 C,250.00,250.00,0.00,146.00,6478562.10,435044.80,1.20,Nordland Gp.
15/9-F-1 C,275.00,275.00,0.00,146.10,6478562.10,435044.80,1.20,Nordland Gp.
15/9-F-1 C,300.00,300.00,0.00,146.20,6478562.10,435044.80,1.20,Nordland Gp.
15/9-F-1 C,325.00,325.00,0.00,146.30,6478562.10,435044.80,1.20,Nordland Gp.
15/9-F-1 C,350.00,350.00,0.00,146.40,6478562.10,435044.80,1.20,Nordland Gp.
15/9-F-1 C,375.00,375.00,0.00,146.50,6478562.10,435044.80,1.20,Nordland Gp.
15/9-F-1 C,400.00,400.00,0.00,146.60,6478562.10,435044.80,1.20,Nordland Gp.
15/9-F-1 C,425.00,425.00,0.00,146.70,6478562.10,435044.80,1.20,Nordland Gp.
15/9-F-1 C,450.00,450.00,0.00,146.80,6478562.10,435044.80,1.20,Nordland Gp.
15/9-F-1 C,475.00,475.00,0.00,146.90,6478562.10,435044.80,1.20,Nordland Gp.
15/9-F-1 C,500.00,500.00,0.00,147.00,6478562.10,435044.80,1.20,Nordland Gp.
15/9-F-1 C,525.00,522.87,7.38,147.10,6478542.25,435057.64,1.20,Nordland Gp.
15/9-F-1 C,550.00,547.55,7.73,147.20,6478540.29,435058.86,1.20,Nordland Gp.
15/9-F-1 C,575.00,572.20,8.09,147.30,6478538.24,435060.12,1.20,Nordland Gp.
15/9-F-1 C,600.00,596.81,8.44,147.40,6478536.09,435061.43,1.20,Nordland Gp.
15/9-F-1 C,625.00,621.40,8.79,147.50,6478533.85,435062.79,1.20,Nordland Gp.
15/9-F-1 C,650.00,645.95,9.14,147.60,6478531.52,435064.21,1.20,Nordland Gp.
15/9-F-1 C,675.00,670.47,9.49,147.70,6478529.09,435065.67,1.20,Nordland Gp.
15/9-F-1 C,700.00,694.94,9.84,147.80,6478526.57,435067.18,1.20,Nordland Gp.
15/9-F-1 C,725.00,719.38,10.20,147.90,6478523.95,435068.73,1.20,Nordland Gp.
15/9-F-1 C,750.00,743.78,10.55,148.00,6478521.24,435070.34,1.20,Nordland Gp.
15/9-F-1 C,775.00,768.14,10.90,148.10,6478518.43,435071.98,1.20,Nordland Gp.
15/9-F-1 C,800.00,792.46,11.25,148.20,6478515.52,435073.68,1.20,Hordaland Gp.
15/9-F-1 C,825.00,816.73,11.60,148.30,6478512.52,435075.42,1.20,Hordaland Gp.
15/9-F-1 C,850.00,840.95,11.95,148.40,6478509.43,435077.21,1.20,Hordaland Gp.
15/9-F-1 C,875.00,865.13,12.30,148.50,6478506.23,435079.04,1.20,Hordaland Gp.
15/9-F-1 C,900.00,889.26,12.66,148.60,6478502.95,435080.91,1.20,Hordaland Gp.
15/9-F-1 C,925.00,913.34,13.01,148.70,6478499.56,435082.82,1.20,Hordaland Gp.
15/9-F-1 C,950.00,937.37,13.36,148.80,6478496.08,435084.78,1.20,Hordaland Gp.
15/9-F-1 C,975.00,961.35,13.71,148.90,6478492.50,435086.78,1.20,Hordaland Gp.
15/9-F-1 C,1000.00,985.28,14.06,149.00,6478488.83,435088.83,1.20,Hordaland Gp.
15/9-F-1 C,1025.00,1009.15,14.41,149.10,6478485.06,435090.91,1.20,Hordaland Gp.
15/9-F-1 C,1050.00,1032.96,14.77,149.20,6478481.19,435093.03,1.20,Hordaland Gp.
15/9-F-1 C,1075.00,1056.72,15.12,149.30,6478477.23,435095.19,1.20,Hordaland Gp.
15/9-F-1 C,1100.00,1080.41,15.47,149.40,6478473.16,435097.40,1.20,Hordaland Gp.
15/9-F-1 C,1125.00,1104.05,15.82,149.50,6478469.01,435099.64,1.20,Hordaland Gp.
15/9-F-1 C,1150.00,1127.63,16.17,149.60,6478464.75,435101.92,1.20,Hordaland Gp.
15/9-F-1 C,1175.00,1151.14,16.52,149.70,6478460.40,435104.23,1.20,Hordaland Gp.
15/9-F-1 C,1200.00,1174.59,16.88,149.80,6478455.94,435106.58,1.20,Hordaland Gp.
15/9-F-1 C,1225.00,1197.97,17.23,149.90,6478451.40,435108.97,1.20,Hordaland Gp.
15/9-F-1 C,1250.00,1221.29,17.58,150.00,6478446.75,435111.40,1.20,Hordaland Gp.
15/9-F-1 C,1275.00,1244.53,17.93,150.10,6478442.01,435113.86,1.20,Hordaland Gp.
15/9-F-1 C,1300.00,1267.71,18.28,150.20,6478437.17,435116.35,1.20,Hordaland Gp.
15/9-F-1 C,1325.00,1290.82,18.63,150.30,6478432.23,435118.88,1.20,Hordaland Gp.
15/9-F-1 C,1350.00,1313.85,18.98,150.40,6478427.19,435121.44,1.20,Hordaland Gp.
15/9-F-1 C,1375.00,1336.81,19.34,150.50,6478422.06,435124.03,1.20,Hordaland Gp.
15/9-F-1 C,1400.00,1359.70,19.69,150.60,6478416.82,435126.66,1.20,Hordaland Gp.
15/9-F-1 C,1425.00,1382.51,20.04,150.70,6478411.49,435129.32,1.20,Hordaland Gp.
15/9-F-1 C,1450.00,1405.24,20.39,150.80,6478406.07,435132.00,1.20,Hordaland Gp.
15/9-F-1 C,1475.00,1427.89,20.74,150.90,6478400.54,435134.72,1.20,Hordaland Gp.
15/9-F-1 C,1500.00,1450.46,21.09,151.00,6478394.92,435137.47,1.20,Hordaland Gp.
15/9-F-1 C,1525.00,1472.96,21.45,151.10,6478389.20,435140.25,1.20,Hordaland Gp.
15/9-F-1 C,1550.00,1495.36,21.80,151.20,6478383.38,435143.05,1.20,Hordaland Gp.
15/9-F-1 C,1575.00,1517.69,22.15,151.30,6478377.46,435145.89,1.20,Hordaland Gp.
15/9-F-1 C,1600.00,1539.93,22.50,151.40,6478371.44,435148.75,1.20,Shetland Gp.
15/9-F-1 C,1625.00,1562.08,22.85,151.50,6478365.33,435151.64,1.20,Shetland Gp.
15/9-F-1 C,1650.00,1584.15,23.20,151.60,6478359.12,435154.55,1.20,Shetland Gp.
15/9-F-1 C,1675.00,1606.12,23.55,151.70,6478352.81,435157.49,1.20,Shetland Gp.
15/9-F-1 C,1700.00,1628.00,23.91,151.80,6478346.41,435160.45,1.20,Shetland Gp.
15/9-F-1 C,1725.00,1649.80,24.26,151.90,6478339.90,435163.44,1.20,Shetland Gp.
15/9-F-1 C,1750.00,1671.50,24.61,152.00,6478333.30,435166.46,1.20,Shetland Gp.
15/9-F-1 C,1775.00,1693.10,24.96,152.10,6478326.60,435169.49,1.20,Shetland Gp.
15/9-F-1 C,1800.00,1714.61,25.31,152.20,6478319.80,435172.55,1.20,Shetland Gp.
15/9-F-1 C,1825.00,1736.02,25.66,152.30,6478312.91,435175.63,1.20,Shetland Gp.
15/9-F-1 C,1850.00,1757.34,26.02,152.40,6478305.92,435178.73,1.20,Shetland Gp.
15/9-F-1 C,1875.00,1778.55,26.37,152.50,6478298.83,435181.85,1.20,Shetland Gp.
15/9-F-1 C,1900.00,1799.67,26.72,152.60,6478291.64,435184.99,1.20,Shetland Gp.
15/9-F-1 C,1925.00,1820.68,27.07,152.70,6478284.36,435188.15,1.20,Shetland Gp.
15/9-F-1 C,1950.00,1841.59,27.42,152.80,6478276.98,435191.33,1.20,Shetland Gp.
15/9-F-1 C,1975.00,1862.39,27.77,152.90,6478269.50,435194.53,1.20,Shetland Gp.
15/9-F-1 C,2000.00,1883.09,28.12,153.00,6478261.93,435197.74,1.20,Shetland Gp.
15/9-F-1 C,2025.00,1903.68,28.48,153.10,6478254.26,435200.98,1.20,Shetland Gp.
15/9-F-1 C,2050.00,1924.16,28.83,153.20,6478246.49,435204.23,1.20,Shetland Gp.
15/9-F-1 C,2075.00,1944.53,29.18,153.30,6478238.63,435207.49,1.20,Shetland Gp.
15/9-F-1 C,2100.00,1964.80,29.53,153.40,6478230.67,435210.77,1.20,Shetland Gp.
15/9-F-1 C,2125.00,1984.95,29.88,153.50,6478222.61,435214.06,1.20,Shetland Gp.
15/9-F-1 C,2150.00,2004.98,30.23,153.60,6478214.46,435217.37,1.20,Shetland Gp.
15/9-F-1 C,2175.00,2024.91,30.59,153.70,6478206.21,435220.69,1.20,Shetland Gp.
15/9-F-1 C,2200.00,2044.71,30.94,153.80,6478197.87,435224.03,1.20,Shetland Gp.
15/9-F-1 C,2225.00,2064.40,31.29,153.90,6478189.43,435227.37,1.20,Shetland Gp.
15/9-F-1 C,2250.00,2083.97,31.64,154.00,6478180.89,435230.73,1.20,Shetland Gp.
15/9-F-1 C,2275.00,2103.42,31.99,154.10,6478172.26,435234.10,1.20,Shetland Gp.
15/9-F-1 C,2300.00,2122.76,32.34,154.20,6478163.54,435237.47,1.20,Shetland Gp.
15/9-F-1 C,2325.00,2141.97,32.70,154.30,6478154.72,435240.86,1.20,Shetland Gp.
15/9-F-1 C,2350.00,2161.05,33.05,154.40,6478145.80,435244.26,1.20,Shetland Gp.
15/9-F-1 C,2375.00,2180.01,33.40,154.50,6478136.79,435247.66,1.20,Shetland Gp.
15/9-F-1 C,2400.00,2198.85,33.75,154.60,6478127.69,435251.07,1.20,Hugin Fm.
15/9-F-1 C,2425.00,2217.56,34.10,154.70,6478118.49,435254.49,1.20,Hugin Fm.
15/9-F-1 C,2450.00,2236.14,34.45,154.80,6478109.20,435257.92,1.20,Hugin Fm.
15/9-F-1 C,2475.00,2254.60,34.80,154.90,6478099.81,435261.35,1.20,Hugin Fm.
15/9-F-1 C,2500.00,2272.92,35.16,155.00,6478090.33,435264.79,1.20,Hugin Fm.
15/9-F-1 C,2525.00,2291.11,35.51,155.10,6478080.76,435268.23,1.20,Hugin Fm.
15/9-F-1 C,2550.00,2309.17,35.86,155.20,6478071.10,435271.68,1.20,Hugin Fm.
15/9-F-1 C,2575.00,2327.10,36.21,155.30,6478061.34,435275.12,1.20,Hugin Fm.
15/9-F-1 C,2600.00,2344.89,36.56,155.40,6478051.49,435278.58,1.20,Hugin Fm.
15/9-F-1 C,2625.00,2362.54,36.91,155.50,6478041.55,435282.03,1.20,Hugin Fm.
15/9-F-1 C,2650.00,2380.06,37.27,155.60,6478031.51,435285.49,1.20,Hugin Fm.
15/9-F-1 C,2675.00,2397.44,37.62,155.70,6478021.38,435288.94,1.20,Hugin Fm.
15/9-F-1 C,2700.00,2414.68,37.97,155.80,6478011.17,435292.40,1.20,Hugin Fm.
15/9-F-1 C,2725.00,2431.78,38.32,155.90,6478000.86,435295.86,1.20,Hugin Fm.
15/9-F-1 C,2750.00,2448.73,38.67,156.00,6477990.46,435299.31,1.20,Hugin Fm.
15/9-F-1 C,2775.00,2465.55,39.02,156.10,6477979.97,435302.77,1.20,Hugin Fm.
15/9-F-1 C,2800.00,2482.22,39.38,156.20,6477969.39,435306.22,1.20,Hugin Fm.
15/9-F-1 C,2825.00,2498.74,39.73,156.30,6477958.72,435309.67,1.20,Hugin Fm.
15/9-F-1 C,2850.00,2515.12,40.08,156.40,6477947.96,435313.11,1.20,Hugin Fm.
15/9-F-1 C,2875.00,2531.35,40.43,156.50,6477937.11,435316.56,1.20,Hugin Fm.
15/9-F-1 C,2900.00,2547.44,40.78,156.60,6477926.17,435319.99,1.20,Hugin Fm.
15/9-F-1 C,2925.00,2563.37,41.13,156.70,6477915.14,435323.43,1.20,Hugin Fm.
15/9-F-1 C,2950.00,2579.15,41.48,156.80,6477904.02,435326.85,1.20,Hugin Fm.
15/9-F-1 C,2975.00,2594.78,41.84,156.90,6477892.82,435330.27,1.20,Hugin Fm.
15/9-F-1 C,3000.00,2610.26,42.19,157.00,6477881.53,435333.69,1.20,Hugin Fm.
15/9-F-1 C,3025.00,2625.58,42.54,157.10,6477870.15,435337.09,1.20,Hugin Fm.
15/9-F-1 C,3050.00,2640.75,42.89,157.20,6477858.68,435340.49,1.20,Hugin Fm.
15/9-F-1 C,3075.00,2655.77,43.24,157.30,6477847.13,435343.88,1.20,Hugin Fm.
15/9-F-1 C,3100.00,2670.62,43.59,157.40,6477835.49,435347.26,1.20,Hugin Fm.
15/9-F-1 C,3125.00,2685.32,43.95,157.50,6477823.76,435350.63,1.20,Hugin Fm.
15/9-F-1 C,3150.00,2699.86,44.30,157.60,6477811.95,435353.99,1.20,Hugin Fm.
15/9-F-1 C,3175.00,2714.23,44.65,157.70,6477800.06,435357.34,1.20,Hugin Fm.
15/9-F-1 C,3200.00,2728.45,45.00,157.80,6477788.07,435360.67,1.20,Hugin Fm.
15/9-F-4,0.00,0.00,0.00,145.00,6478564.80,435048.90,1.20,Nordland Gp.
15/9-F-4,25.00,25.00,0.00,145.10,6478564.80,435048.90,1.20,Nordland Gp.
15/9-F-4,50.00,50.00,0.00,145.20,6478564.80,435048.90,1.20,Nordland Gp.
15/9-F-4,75.00,75.00,0.00,145.30,6478564.80,435048.90,1.20,Nordland Gp.
15/9-F-4,100.00,100.00,0.00,145.40,6478564.80,435048.90,1.20,Nordland Gp.
15/9-F-4,125.00,125.00,0.00,145.50,6478564.80,435048.90,1.20,Nordland Gp.
15/9-F-4,150.00,150.00,0.00,145.60,6478564.80,435048.90,1.20,Nordland Gp.
15/9-F-4,175.00,175.00,0.00,145.70,6478564.80,435048.90,1.20,Nordland Gp.
15/9-F-4,200.00,200.00,0.00,145.80,6478564.80,435048.90,1.20,Nordland Gp.
15/9-F-4,225.00,225.00,0.00,145.90,6478564.80,435048.90,1.20,Nordland Gp.
15/9-F-4,250.00,250.00,0.00,146.00,6478564.80,435048.90,1.20,Nordland Gp.
15/9-F-4,275.00,275.00,0.00,146.10,6478564.80,435048.90,1.20,Nordland Gp.
15/9-F-4,300.00,300.00,0.00,146.20,6478564.80,435048.90,1.20,Nordland Gp.
15/9-F-4,325.00,325.00,0.00,146.30,6478564.80,435048.90,1.20,Nordland Gp.
15/9-F-4,350.00,350.00,0.00,146.40,6478564.80,435048.90,1.20,Nordland Gp.
15/9-F-4,375.00,375.00,0.00,146.50,6478564.80,435048.90,1.20,Nordland Gp.
15/9-F-4,400.00,400.00,0.00,146.60,6478564.80,435048.90,1.20,Nordland Gp.
15/9-F-4,425.00,425.00,0.00,146.70,6478564.80,435048.90,1.20,Nordland Gp.
15/9-F-4,450.00,450.00,0.00,146.80,6478564.80,435048.90,1.20,Nordland Gp.
15/9-F-4,475.00,475.00,0.00,146.90,6478564.80,435048.90,1.20,Nordland Gp.
15/9-F-4,500.00,500.00,0.00,147.00,6478564.80,435048.90,1.20,Nordland Gp.
15/9-F-4,525.00,523.56,6.07,147.10,6478548.46,435059.47,1.20,Nordland Gp.
15/9-F-4,550.00,548.34,6.36,147.20,6478546.85,435060.47,1.20,Nordland Gp.
15/9-F-4,575.00,573.10,6.65,147.30,6478545.16,435061.51,1.20,Nordland Gp.
15/9-F-4,600.00,597.84,6.94,147.40,6478543.39,435062.59,1.20,Nordland Gp.
15/9-F-4,625.00,622.56,7.23,147.50,6478541.55,435063.71,1.20,Nordland Gp.
15/9-F-4,650.00,647.26,7.52,147.60,6478539.63,435064.88,1.20,Hordaland Gp.
15/9-F-4,675.00,671.93,7.81,147.70,6478537.63,435066.08,1.20,Hordaland Gp.
15/9-F-4,700.00,696.58,8.10,147.80,6478535.55,435067.32,1.20,Hordaland Gp.
15/9-F-4,725.00,721.20,8.39,147.90,6478533.39,435068.60,1.20,Hordaland Gp.
15/9-F-4,750.00,745.79,8.68,148.00,6478531.15,435069.92,1.20,Hordaland Gp.
15/9-F-4,775.00,770.36,8.97,148.10,6478528.84,435071.28,1.20,Hordaland Gp.
15/9-F-4,800.00,794.89,9.25,148.20,6478526.44,435072.68,1.20,Hordaland Gp.
15/9-F-4,825.00,819.40,9.54,148.30,6478523.97,435074.12,1.20,Hordaland Gp.
15/9-F-4,850.00,843.87,9.83,148.40,6478521.42,435075.59,1.20,Hordaland Gp.
15/9-F-4,875.00,868.32,10.12,148.50,6478518.79,435077.10,1.20,Hordaland Gp.
15/9-F-4,900.00,892.73,10.41,148.60,6478516.08,435078.64,1.20,Hordaland Gp.
15/9-F-4,925.00,917.11,10.70,148.70,6478513.28,435080.22,1.20,Hordaland Gp.
15/9-F-4,950.00,941.45,10.99,148.80,6478510.41,435081.84,1.20,Hordaland Gp.
15/9-F-4,975.00,965.76,11.28,148.90,6478507.46,435083.49,1.20,Hordaland Gp.
15/9-F-4,1000.00,990.03,11.57,149.00,6478504.43,435085.17,1.20,Hordaland Gp.
15/9-F-4,1025.00,1014.26,11.86,149.10,6478501.32,435086.89,1.20,Hordaland Gp.
15/9-F-4,1050.00,1038.46,12.15,149.20,6478498.12,435088.65,1.20,Hordaland Gp.
15/9-F-4,1075.00,1062.62,12.44,149.30,6478494.85,435090.43,1.20,Hordaland Gp.
15/9-F-4,1100.00,1086.73,12.72,149.40,6478491.50,435092.25,1.20,Hordaland Gp.
15/9-F-4,1125.00,1110.81,13.01,149.50,6478488.06,435094.10,1.20,Hordaland Gp.
15/9-F-4,1150.00,1134.84,13.30,149.60,6478484.55,435095.98,1.20,Hordaland Gp.
15/9-F-4,1175.00,1158.84,13.59,149.70,6478480.95,435097.90,1.20,Hordaland Gp.
15/9-F-4,1200.00,1182.78,13.88,149.80,6478477.27,435099.84,1.20,Hordaland Gp.
15/9-F-4,1225.00,1206.69,14.17,149.90,6478473.51,435101.82,1.20,Hordaland Gp.
15/9-F-4,1250.00,1230.54,14.46,150.00,6478469.67,435103.82,1.20,Hordaland Gp.
15/9-F-4,1275.00,1254.36,14.75,150.10,6478465.75,435105.85,1.20,Hordaland Gp.
15/9-F-4,1300.00,1278.12,15.04,150.20,6478461.75,435107.92,1.20,Shetland Gp.
15/9-F-4,1325.00,1301.84,15.33,150.30,6478457.66,435110.01,1.20,Shetland Gp.
15/9-F-4,1350.00,1325.50,15.62,150.40,6478453.50,435112.13,1.20,Shetland Gp.
15/9-F-4,1375.00,1349.12,15.91,150.50,6478449.25,435114.28,1.20,Shetland Gp.
15/9-F-4,1400.00,1372.68,16.20,150.60,6478444.92,435116.45,1.20,Shetland Gp.
15/9-F-4,1425.00,1396.20,16.48,150.70,6478440.51,435118.65,1.20,Shetland Gp.
15/9-F-4,1450.00,1419.66,16.77,150.80,6478436.01,435120.88,1.20,Shetland Gp.
15/9-F-4,1475.00,1443.07,17.06,150.90,6478431.44,435123.13,1.20,Shetland Gp.
15/9-F-4,1500.00,1466.42,17.35,151.00,6478426.78,435125.41,1.20,Shetland Gp.
15/9-F-4,1525.00,1489.72,17.64,151.10,6478422.04,435127.71,1.20,Shetland Gp.
15/9-F-4,1550.00,1512.96,17.93,151.20,6478417.21,435130.04,1.20,Shetland Gp.
15/9-F-4,1575.00,1536.14,18.22,151.30,6478412.31,435132.39,1.20,Shetland Gp.
15/9-F-4,1600.00,1559.27,18.51,151.40,6478407.32,435134.76,1.20,Shetland Gp.
15/9-F-4,1625.00,1582.33,18.80,151.50,6478402.25,435137.16,1.20,Shetland Gp.
15/9-F-4,1650.00,1605.34,19.09,151.60,6478397.10,435139.58,1.20,Shetland Gp.
15/9-F-4,1675.00,1628.28,19.38,151.70,6478391.86,435142.02,1.20,Shetland Gp.
15/9-F-4,1700.00,1651.17,19.67,151.80,6478386.54,435144.48,1.20,Shetland Gp.
15/9-F-4,1725.00,1673.99,19.96,151.90,6478381.14,435146.96,1.20,Shetland Gp.
15/9-F-4,1750.00,1696.75,20.24,152.00,6478375.66,435149.47,1.20,Shetland Gp.
15/9-F-4,1775.00,1719.44,20.53,152.10,6478370.09,435151.99,1.20,Shetland Gp.
15/9-F-4,1800.00,1742.07,20.82,152.20,6478364.45,435154.53,1.20,Shetland Gp.
15/9-F-4,1825.00,1764.63,21.11,152.30,6478358.72,435157.10,1.20,Shetland Gp.
15/9-F-4,1850.00,1787.12,21.40,152.40,6478352.90,435159.68,1.20,Shetland Gp.
15/9-F-4,1875.00,1809.55,21.69,152.50,6478347.01,435162.28,1.20,Shetland Gp.
15/9-F-4,1900.00,1831.91,21.98,152.60,6478341.03,435164.89,1.20,Shetland Gp.
15/9-F-4,1925.00,1854.20,22.27,152.70,6478334.97,435167.53,1.20,Shetland Gp.
15/9-F-4,1950.00,1876.41,22.56,152.80,6478328.82,435170.18,1.20,Draupne Fm.
15/9-F-4,1975.00,1898.56,22.85,152.90,6478322.60,435172.84,1.20,Draupne Fm.
15/9-F-4,2000.00,1920.63,23.14,153.00,6478316.29,435175.52,1.20,Draupne Fm.
15/9-F-4,2025.00,1942.63,23.43,153.10,6478309.89,435178.22,1.20,Draupne Fm.
15/9-F-4,2050.00,1964.56,23.71,153.20,6478303.42,435180.93,1.20,Draupne Fm.
15/9-F-4,2075.00,1986.41,24.00,153.30,6478296.86,435183.66,1.20,Draupne Fm.
15/9-F-4,2100.00,2008.18,24.29,153.40,6478290.22,435186.40,1.20,Draupne Fm.
15/9-F-4,2125.00,2029.88,24.58,153.50,6478283.50,435189.15,1.20,Draupne Fm.
15/9-F-4,2150.00,2051.50,24.87,153.60,6478276.70,435191.92,1.20,Draupne Fm.
15/9-F-4,2175.00,2073.05,25.16,153.70,6478269.81,435194.69,1.20,Draupne Fm.
15/9-F-4,2200.00,2094.51,25.45,153.80,6478262.84,435197.48,1.20,Draupne Fm.
15/9-F-4,2225.00,2115.89,25.74,153.90,6478255.79,435200.28,1.20,Draupne Fm.
15/9-F-4,2250.00,2137.19,26.03,154.00,6478248.65,435203.10,1.20,Draupne Fm.
15/9-F-4,2275.00,2158.41,26.32,154.10,6478241.44,435205.92,1.20,Draupne Fm.
15/9-F-4,2300.00,2179.55,26.61,154.20,6478234.14,435208.75,1.20,Draupne Fm.
15/9-F-4,2325.00,2200.60,26.90,154.30,6478226.76,435211.59,1.20,Draupne Fm.
15/9-F-4,2350.00,2221.57,27.19,154.40,6478219.29,435214.44,1.20,Draupne Fm.
15/9-F-4,2375.00,2242.46,27.47,154.50,6478211.75,435217.30,1.20,Draupne Fm.
15/9-F-4,2400.00,2263.25,27.76,154.60,6478204.12,435220.16,1.20,Draupne Fm.
15/9-F-4,2425.00,2283.97,28.05,154.70,6478196.41,435223.04,1.20,Draupne Fm.
15/9-F-4,2450.00,2304.59,28.34,154.80,6478188.62,435225.92,1.20,Draupne Fm.
15/9-F-4,2475.00,2325.12,28.63,154.90,6478180.75,435228.80,1.20,Draupne Fm.
15/9-F-4,2500.00,2345.57,28.92,155.00,6478172.80,435231.69,1.20,Draupne Fm.
15/9-F-4,2525.00,2365.92,29.21,155.10,6478164.76,435234.59,1.20,Draupne Fm.
15/9-F-4,2550.00,2386.18,29.50,155.20,6478156.64,435237.49,1.20,Draupne Fm.
15/9-F-4,2575.00,2406.35,29.79,155.30,6478148.45,435240.40,1.20,Draupne Fm.
15/9-F-4,2600.00,2426.43,30.08,155.40,6478140.17,435243.31,1.20,Hugin Fm.
15/9-F-4,2625.00,2446.41,30.37,155.50,6478131.81,435246.23,1.20,Hugin Fm.
15/9-F-4,2650.00,2466.30,30.66,155.60,6478123.37,435249.14,1.20,Hugin Fm.
15/9-F-4,2675.00,2486.10,30.94,155.70,6478114.84,435252.06,1.20,Hugin Fm.
15/9-F-4,2700.00,2505.79,31.23,155.80,6478106.24,435254.99,1.20,Hugin Fm.
15/9-F-4,2725.00,2525.39,31.52,155.90,6478097.56,435257.91,1.20,Hugin Fm.
15/9-F-4,2750.00,2544.90,31.81,156.00,6478088.79,435260.83,1.20,Hugin Fm.
15/9-F-4,2775.00,2564.30,32.10,156.10,6478079.95,435263.76,1.20,Hugin Fm.
15/9-F-4,2800.00,2583.61,32.39,156.20,6478071.02,435266.68,1.20,Hugin Fm.
15/9-F-4,2825.00,2602.81,32.68,156.30,6478062.02,435269.61,1.20,Hugin Fm.
15/9-F-4,2850.00,2621.91,32.97,156.40,6478052.93,435272.53,1.20,Hugin Fm.
15/9-F-4,2875.00,2640.91,33.26,156.50,6478043.77,435275.45,1.20,Hugin Fm.
15/9-F-4,2900.00,2659.81,33.55,156.60,6478034.52,435278.37,1.20,Hugin Fm.
15/9-F-4,2925.00,2678.61,33.84,156.70,6478025.20,435281.29,1.20,Hugin Fm.
15/9-F-4,2950.00,2697.30,34.13,156.80,6478015.80,435284.20,1.20,Hugin Fm.
15/9-F-4,2975.00,2715.88,34.42,156.90,6478006.31,435287.12,1.20,Hugin Fm.
15/9-F-4,3000.00,2734.36,34.70,157.00,6477996.75,435290.02,1.20,Hugin Fm.
15/9-F-4,3025.00,2752.73,34.99,157.10,6477987.11,435292.93,1.20,Hugin Fm.
15/9-F-4,3050.00,2771.00,35.28,157.20,6477977.39,435295.82,1.20,Hugin Fm.
15/9-F-4,3075.00,2789.15,35.57,157.30,6477967.59,435298.72,1.20,Hugin Fm.
15/9-F-4,3100.00,2807.20,35.86,157.40,6477957.72,435301.60,1.20,Hugin Fm.
15/9-F-4,3125.00,2825.14,36.15,157.50,6477947.76,435304.49,1.20,Hugin Fm.
15/9-F-4,3150.00,2842.96,36.44,157.60,6477937.73,435307.36,1.20,Hugin Fm.
15/9-F-4,3175.00,2860.68,36.73,157.70,6477927.62,435310.23,1.20,Hugin Fm.
15/9-F-4,3200.00,2878.28,37.02,157.80,6477917.43,435313.09,1.20,Hugin Fm.
15/9-F-4,3225.00,2895.77,37.31,157.90,6477907.17,435315.94,1.20,Hugin Fm.
15/9-F-4,3250.00,2913.14,37.60,158.00,6477896.82,435318.78,1.20,Skagerrak Fm.
15/9-F-4,3275.00,2930.40,37.89,158.10,6477886.40,435321.61,1.20,Skagerrak Fm.
15/9-F-4,3300.00,2947.55,38.17,158.20,6477875.91,435324.44,1.20,Skagerrak Fm.
15/9-F-4,3325.00,2964.58,38.46,158.30,6477865.34,435327.25,1.20,Skagerrak Fm.
15/9-F-4,3350.00,2981.49,38.75,158.40,6477854.69,435330.05,1.20,Skagerrak Fm.
15/9-F-4,3375.00,2998.28,39.04,158.50,6477843.96,435332.85,1.20,Skagerrak Fm.
15/9-F-4,3400.00,3014.96,39.33,158.60,6477833.16,435335.63,1.20,Skagerrak Fm.
15/9-F-4,3425.00,3031.51,39.62,158.70,6477822.28,435338.40,1.20,Skagerrak Fm.
15/9-F-4,3450.00,3047.95,39.91,158.80,6477811.33,435341.15,1.20,Skagerrak Fm.
15/9-F-4,3475.00,3064.26,40.20,158.90,6477800.30,435343.90,1.20,Skagerrak Fm.
15/9-F-4,3500.00,3080.46,40.49,159.00,6477789.20,435346.63,1.20,Skagerrak Fm.
15/9-F-4,3525.00,3096.53,40.78,159.10,6477778.02,435349.34,1.20,Skagerrak Fm.
15/9-F-4,3550.00,3112.48,41.07,159.20,6477766.77,435352.04,1.20,Skagerrak Fm.
15/9-F-4,3575.00,3128.30,41.36,159.30,6477755.44,435354.73,1.20,Skagerrak Fm.
15/9-F-4,3600.00,3144.00,41.65,159.40,6477744.04,435357.40,1.20,Skagerrak Fm.
15/9-F-4,3625.00,3159.57,41.93,159.50,6477732.57,435360.06,1.20,Skagerrak Fm.
15/9-F-4,3650.00,3175.02,42.22,159.60,6477721.02,435362.70,1.20,Skagerrak Fm.
15/9-F-4,3675.00,3190.34,42.51,159.70,6477709.40,435365.32,1.20,Skagerrak Fm.
15/9-F-4,3700.00,3205.54,42.80,159.80,6477697.71,435367.93,1.20,Skagerrak Fm.
15/9-F-4,3725.00,3220.60,43.09,159.90,6477685.94,435370.52,1.20,Skagerrak Fm.
15/9-F-4,3750.00,3235.54,43.38,160.00,6477674.10,435373.09,1.20,Skagerrak Fm.
15/9-F-4,3775.00,3250.35,43.67,160.10,6477662.19,435375.64,1.20,Skagerrak Fm.
15/9-F-4,3800.00,3265.02,43.96,160.20,6477650.21,435378.17,1.20,Skagerrak Fm.
15/9-F-4,3825.00,3279.57,44.25,160.30,6477638.15,435380.69,1.20,Skagerrak Fm.
15/9-F-4,3850.00,3293.98,44.54,160.40,6477626.03,435383.18,1.20,Skagerrak Fm.
15/9-F-4,3875.00,3308.27,44.83,160.50,6477613.83,435385.66,1.20,Skagerrak Fm.
15/9-F-5,0.00,0.00,0.00,145.00,6478567.20,435052.40,1.20,Nordland Gp.
15/9-F-5,25.00,25.00,0.00,145.10,6478567.20,435052.40,1.20,Nordland Gp.
15/9-F-5,50.00,50.00,0.00,145.20,6478567.20,435052.40,1.20,Nordland Gp.
15/9-F-5,75.00,75.00,0.00,145.30,6478567.20,435052.40,1.20,Nordland Gp.
15/9-F-5,100.00,100.00,0.00,145.40,6478567.20,435052.40,1.20,Nordland Gp.
15/9-F-5,125.00,125.00,0.00,145.50,6478567.20,435052.40,1.20,Nordland Gp.
15/9-F-5,150.00,150.00,0.00,145.60,6478567.20,435052.40,1.20,Nordland Gp.
15/9-F-5,175.00,175.00,0.00,145.70,6478567.20,435052.40,1.20,Nordland Gp.
15/9-F-5,200.00,200.00,0.00,145.80,6478567.20,435052.40,1.20,Nordland Gp.
15/9-F-5,225.00,225.00,0.00,145.90,6478567.20,435052.40,1.20,Nordland Gp.
15/9-F-5,250.00,250.00,0.00,146.00,6478567.20,435052.40,1.20,Nordland Gp.
15/9-F-5,275.00,275.00,0.00,146.10,6478567.20,435052.40,1.20,Nordland Gp.
15/9-F-5,300.00,300.00,0.00,146.20,6478567.20,435052.40,1.20,Nordland Gp.
15/9-F-5,325.00,325.00,0.00,146.30,6478567.20,435052.40,1.20,Nordland Gp.
15/9-F-5,350.00,350.00,0.00,146.40,6478567.20,435052.40,1.20,Nordland Gp.
15/9-F-5,375.00,375.00,0.00,146.50,6478567.20,435052.40,1.20,Nordland Gp.
15/9-F-5,400.00,400.00,0.00,146.60,6478567.20,435052.40,1.20,Nordland Gp.
15/9-F-5,425.00,425.00,0.00,146.70,6478567.20,435052.40,1.20,Nordland Gp.
15/9-F-5,450.00,450.00,0.00,146.80,6478567.20,435052.40,1.20,Nordland Gp.
15/9-F-5,475.00,475.00,0.00,146.90,6478567.20,435052.40,1.20,Nordland Gp.
15/9-F-5,500.00,500.00,0.00,147.00,6478567.20,435052.40,1.20,Nordland Gp.
15/9-F-5,525.00,520.15,11.13,147.10,6478537.32,435071.73,1.20,Nordland Gp.
15/9-F-5,550.00,544.43,11.66,147.20,6478534.37,435073.55,1.20,Nordland Gp.
15/9-F-5,575.00,568.63,12.19,147.30,6478531.29,435075.45,1.20,Nordland Gp.
15/9-F-5,600.00,592.77,12.72,147.40,6478528.07,435077.42,1.20,Nordland Gp.
15/9-F-5,625.00,616.83,13.25,147.50,6478524.71,435079.47,1.20,Nordland Gp.
15/9-F-5,650.00,640.81,13.78,147.60,6478521.21,435081.59,1.20,Nordland Gp.
15/9-F-5,675.00,664.71,14.31,147.70,6478517.57,435083.78,1.20,Nordland Gp.
15/9-F-5,700.00,688.52,14.84,147.80,6478513.79,435086.04,1.20,Nordland Gp.
15/9-F-5,725.00,712.25,15.37,147.90,6478509.86,435088.37,1.20,Nordland Gp.
15/9-F-5,750.00,735.89,15.90,148.00,6478505.80,435090.77,1.20,Nordland Gp.
15/9-F-5,775.00,759.43,16.43,148.10,6478501.59,435093.24,1.20,Nordland Gp.
15/9-F-5,800.00,782.88,16.96,148.20,6478497.25,435095.77,1.20,Nordland Gp.
15/9-F-5,825.00,806.23,17.49,148.30,6478492.76,435098.38,1.20,Nordland Gp.
15/9-F-5,850.00,829.47,18.02,148.40,6478488.13,435101.04,1.20,Hordaland Gp.
15/9-F-5,875.00,852.62,18.55,148.50,6478483.36,435103.78,1.20,Hordaland Gp.
15/9-F-5,900.00,875.65,19.08,148.60,6478478.45,435106.57,1.20,Hordaland Gp.
15/9-F-5,925.00,898.57,19.61,148.70,6478473.40,435109.43,1.20,Hordaland Gp.
15/9-F-5,950.00,921.37,20.14,148.80,6478468.21,435112.35,1.20,Hordaland Gp.
15/9-F-5,975.00,944.06,20.67,148.90,6478462.88,435115.33,1.20,Hordaland Gp.
15/9-F-5,1000.00,966.63,21.20,149.00,6478457.41,435118.37,1.20,Hordaland Gp.
15/9-F-5,1025.00,989.07,21.73,149.10,6478451.79,435121.47,1.20,Hordaland Gp.
15/9-F-5,1050.00,1011.39,22.27,149.20,6478446.04,435124.63,1.20,Hordaland Gp.
15/9-F-5,1075.00,1033.58,22.80,149.30,6478440.14,435127.84,1.20,Hordaland Gp.
15/9-F-5,1100.00,1055.64,23.33,149.40,6478434.11,435131.11,1.20,Hordaland Gp.
15/9-F-5,1125.00,1077.56,23.86,149.50,6478427.94,435134.43,1.20,Hordaland Gp.
15/9-F-5,1150.00,1099.34,24.39,149.60,6478421.62,435137.81,1.20,Hordaland Gp.
15/9-F-5,1175.00,1120.98,24.92,149.70,6478415.17,435141.24,1.20,Hordaland Gp.
15/9-F-5,1200.00,1142.48,25.45,149.80,6478408.57,435144.72,1.20,Hordaland Gp.
15/9-F-5,1225.00,1163.83,25.98,149.90,6478401.84,435148.26,1.20,Hordaland Gp.
15/9-F-5,1250.00,1185.03,26.51,150.00,6478394.97,435151.84,1.20,Hordaland Gp.
15/9-F-5,1275.00,1206.08,27.04,150.10,6478387.96,435155.47,1.20,Hordaland Gp.
15/9-F-5,1300.00,1226.97,27.57,150.20,6478380.81,435159.15,1.20,Hordaland Gp.
15/9-F-5,1325.00,1247.70,28.10,150.30,6478373.52,435162.87,1.20,Hordaland Gp.
15/9-F-5,1350.00,1268.27,28.63,150.40,6478366.09,435166.64,1.20,Hordaland Gp.
15/9-F-5,1375.00,1288.68,29.16,150.50,6478358.53,435170.46,1.20,Hordaland Gp.
15/9-F-5,1400.00,1308.92,29.69,150.60,6478350.83,435174.32,1.20,Hordaland Gp.
15/9-F-5,1425.00,1328.99,30.22,150.70,6478342.99,435178.22,1.20,Hordaland Gp.
15/9-F-5,1450.00,1348.89,30.75,150.80,6478335.02,435182.16,1.20,Hordaland Gp.
15/9-F-5,1475.00,1368.62,31.28,150.90,6478326.91,435186.15,1.20,Hordaland Gp.
15/9-F-5,1500.00,1388.16,31.81,151.00,6478318.66,435190.17,1.20,Hordaland Gp.
15/9-F-5,1525.00,1407.53,32.34,151.10,6478310.28,435194.23,1.20,Hordaland Gp.
15/9-F-5,1550.00,1426.71,32.87,151.20,6478301.76,435198.33,1.20,Hordaland Gp.
15/9-F-5,1575.00,1445.70,33.40,151.30,6478293.11,435202.46,1.20,Hordaland Gp.
15/9-F-5,1600.00,1464.51,33.93,151.40,6478284.32,435206.63,1.20,Hordaland Gp.
15/9-F-5,1625.00,1483.12,34.46,151.50,6478275.40,435210.83,1.20,Hordaland Gp.
15/9-F-5,1650.00,1501.54,34.99,151.60,6478266.35,435215.07,1.20,Hordaland Gp.
15/9-F-5,1675.00,1519.76,35.52,151.70,6478257.16,435219.34,1.20,Shetland Gp.
15/9-F-5,1700.00,1537.78,36.05,151.80,6478247.85,435223.64,1.20,Shetland Gp.
15/9-F-5,1725.00,1555.60,36.58,151.90,6478238.40,435227.96,1.20,Shetland Gp.
15/9-F-5,1750.00,1573.21,37.11,152.00,6478228.82,435232.32,1.20,Shetland Gp.
15/9-F-5,1775.00,1590.62,37.64,152.10,6478219.10,435236.71,1.20,Shetland Gp.
15/9-F-5,1800.00,1607.81,38.17,152.20,6478209.26,435241.12,1.20,Shetland Gp.
15/9-F-5,1825.00,1624.80,38.70,152.30,6478199.29,435245.56,1.20,Shetland Gp.
15/9-F-5,1850.00,1641.56,39.23,152.40,6478189.19,435250.02,1.20,Shetland Gp.
15/9-F-5,1875.00,1658.11,39.76,152.50,6478178.96,435254.50,1.20,Shetland Gp.
15/9-F-5,1900.00,1674.44,40.29,152.60,6478168.61,435259.01,1.20,Shetland Gp.
15/9-F-5,1925.00,1690.54,40.82,152.70,6478158.13,435263.54,1.20,Shetland Gp.
15/9-F-5,1950.00,1706.42,41.35,152.80,6478147.52,435268.09,1.20,Shetland Gp.
15/9-F-5,1975.00,1722.07,41.88,152.90,6478136.78,435272.66,1.20,Shetland Gp.
15/9-F-5,2000.00,1737.49,42.41,153.00,6478125.92,435277.24,1.20,Shetland Gp.
15/9-F-5,2025.00,1752.68,42.94,153.10,6478114.94,435281.85,1.20,Shetland Gp.
15/9-F-5,2050.00,1767.63,43.47,153.20,6478103.83,435286.46,1.20,Shetland Gp.
15/9-F-5,2075.00,1782.34,44.00,153.30,6478092.60,435291.10,1.20,Shetland Gp.
15/9-F-5,2100.00,1796.81,44.53,153.40,6478081.25,435295.75,1.20,Shetland Gp.
15/9-F-5,2125.00,1811.04,45.06,153.50,6478069.78,435300.41,1.20,Shetland Gp.
15/9-F-5,2150.00,1825.03,45.59,153.60,6478058.18,435305.08,1.20,Shetland Gp.
15/9-F-5,2175.00,1838.76,46.12,153.70,6478046.47,435309.76,1.20,Shetland Gp.
15/9-F-5,2200.00,1852.25,46.65,153.80,6478034.64,435314.45,1.20,Shetland Gp.
15/9-F-5,2225.00,1865.48,47.18,153.90,6478022.69,435319.15,1.20,Shetland Gp.
15/9-F-5,2250.00,1878.46,47.71,154.00,6478010.62,435323.86,1.20,Shetland Gp.
15/9-F-5,2275.00,1891.18,48.24,154.10,6477998.44,435328.58,1.20,Shetland Gp.
15/9-F-5,2300.00,1903.64,48.77,154.20,6477986.14,435333.30,1.20,Shetland Gp.
15/9-F-5,2325.00,1915.84,49.30,154.30,6477973.72,435338.02,1.20,Shetland Gp.
15/9-F-5,2350.00,1927.78,49.83,154.40,6477961.20,435342.75,1.20,Shetland Gp.
15/9-F-5,2375.00,1939.45,50.36,154.50,6477948.56,435347.48,1.20,Shetland Gp.
15/9-F-5,2400.00,1950.85,50.89,154.60,6477935.81,435352.21,1.20,Shetland Gp.
15/9-F-5,2425.00,1961.99,51.42,154.70,6477922.94,435356.94,1.20,Shetland Gp.
15/9-F-5,2450.00,1972.85,51.95,154.80,6477909.97,435361.67,1.20,Shetland Gp.
15/9-F-5,2475.00,1983.43,52.48,154.90,6477896.89,435366.40,1.20,Shetland Gp.
15/9-F-5,2500.00,1993.74,53.01,155.00,6477883.70,435371.12,1.20,Draupne Fm.
15/9-F-5,2525.00,2003.77,53.54,155.10,6477870.41,435375.84,1.20,Draupne Fm.
15/9-F-5,2550.00,2013.51,54.07,155.20,6477857.00,435380.56,1.20,Draupne Fm.
15/9-F-5,2575.00,2022.98,54.60,155.30,6477843.50,435385.27,1.20,Draupne Fm.
15/9-F-5,2600.00,2032.16,55.13,155.40,6477829.89,435389.97,1.20,Draupne Fm.
15/9-F-5,2625.00,2041.05,55.66,155.50,6477816.17,435394.66,1.20,Draupne Fm.
15/9-F-5,2650.00,2049.65,56.19,155.60,6477802.36,435399.35,1.20,Draupne Fm.
15/9-F-5,2675.00,2057.96,56.72,155.70,6477788.44,435404.02,1.20,Draupne Fm.
15/9-F-5,2700.00,2065.98,57.25,155.80,6477774.43,435408.69,1.20,Draupne Fm.
15/9-F-5,2725.00,2073.71,57.78,155.90,6477760.31,435413.34,1.20,Draupne Fm.
15/9-F-5,2750.00,2081.13,58.31,156.00,6477746.10,435417.98,1.20,Draupne Fm.
15/9-F-5,2775.00,2088.26,58.84,156.10,6477731.79,435422.60,1.20,Draupne Fm.
15/9-F-5,2800.00,2095.09,59.37,156.20,6477717.39,435427.21,1.20,Draupne Fm.
15/9-F-5,2825.00,2101.61,59.90,156.30,6477702.90,435431.80,1.20,Draupne Fm.
15/9-F-5,2850.00,2107.83,60.43,156.40,6477688.31,435436.38,1.20,Draupne Fm.
15/9-F-5,2875.00,2113.74,60.96,156.50,6477673.63,435440.94,1.20,Draupne Fm.
15/9-F-5,2900.00,2119.34,61.49,156.60,6477658.86,435445.48,1.20,Draupne Fm.
15/9-F-5,2925.00,2124.64,62.02,156.70,6477644.00,435449.99,1.20,Draupne Fm.
15/9-F-5,2950.00,2129.62,62.55,156.80,6477629.05,435454.49,1.20,Draupne Fm.
15/9-F-5,2975.00,2134.29,63.08,156.90,6477614.02,435458.97,1.20,Draupne Fm.
15/9-F-5,3000.00,2138.65,63.61,157.00,6477598.90,435463.42,1.20,Draupne Fm.
15/9-F-5,3025.00,2142.68,64.14,157.10,6477583.69,435467.85,1.20,Draupne Fm.
15/9-F-5,3050.00,2146.40,64.67,157.20,6477568.41,435472.25,1.20,Draupne Fm.
15/9-F-5,3075.00,2149.80,65.20,157.30,6477553.04,435476.63,1.20,Draupne Fm.
15/9-F-5,3100.00,2152.88,65.73,157.40,6477537.59,435480.98,1.20,Draupne Fm.
15/9-F-5,3125.00,2155.63,66.27,157.50,6477522.06,435485.31,1.20,Draupne Fm.
15/9-F-5,3150.00,2158.06,66.80,157.60,6477506.46,435489.61,1.20,Draupne Fm.
15/9-F-5,3175.00,2160.16,67.33,157.70,6477490.78,435493.87,1.20,Draupne Fm.
15/9-F-5,3200.00,2161.94,67.86,157.80,6477475.02,435498.11,1.20,Draupne Fm.
15/9-F-5,3225.00,2163.38,68.39,157.90,6477459.19,435502.31,1.20,Draupne Fm.
15/9-F-5,3250.00,2164.50,68.92,158.00,6477443.29,435506.49,1.20,Draupne Fm.
15/9-F-5,3275.00,2165.28,69.45,158.10,6477427.32,435510.63,1.20,Draupne Fm.
15/9-F-5,3300.00,2165.73,69.98,158.20,6477411.28,435514.74,1.20,Draupne Fm.
15/9-F-5,3325.00,2165.84,70.51,158.30,6477395.17,435518.81,1.20,Hugin Fm.
15/9-F-5,3350.00,2165.62,71.04,158.40,6477378.99,435522.84,1.20,Hugin Fm.
15/9-F-5,3375.00,2165.06,71.57,158.50,6477362.75,435526.84,1.20,Hugin Fm.
15/9-F-5,3400.00,2164.16,72.10,158.60,6477346.45,435530.81,1.20,Hugin Fm.
15/9-F-5,3425.00,2162.91,72.63,158.70,6477330.08,435534.73,1.20,Hugin Fm.
15/9-F-5,3450.00,2161.33,73.16,158.80,6477313.65,435538.62,1.20,Hugin Fm.
15/9-F-5,3475.00,2159.40,73.69,158.90,6477297.17,435542.47,1.20,Hugin Fm.
15/9-F-5,3500.00,2157.13,74.22,159.00,6477280.62,435546.27,1.20,Hugin Fm.
15/9-F-5,3525.00,2154.52,74.75,159.10,6477264.02,435550.04,1.20,Hugin Fm.
15/9-F-5,3550.00,2151.56,75.28,159.20,6477247.36,435553.76,1.20,Hugin Fm.
15/9-F-5,3575.00,2148.25,75.81,159.30,6477230.65,435557.44,1.20,Hugin Fm.
15/9-F-5,3600.00,2144.59,76.34,159.40,6477213.89,435561.07,1.20,Hugin Fm.
15/9-F-5,3625.00,2140.58,76.87,159.50,6477197.08,435564.67,1.20,Hugin Fm.
15/9-F-5,3650.00,2136.22,77.40,159.60,6477180.22,435568.21,1.20,Hugin Fm.
15/9-F-5,3675.00,2131.50,77.93,159.70,6477163.31,435571.71,1.20,Hugin Fm.
15/9-F-5,3700.00,2126.44,78.46,159.80,6477146.36,435575.17,1.20,Hugin Fm.
15/9-F-5,3725.00,2121.02,78.99,159.90,6477129.36,435578.57,1.20,Hugin Fm.
15/9-F-5,3750.00,2115.24,79.52,160.00,6477112.33,435581.93,1.20,Hugin Fm.
15/9-F-5,3775.00,2109.11,80.05,160.10,6477095.25,435585.24,1.20,Hugin Fm.
15/9-F-5,3800.00,2102.62,80.58,160.20,6477078.13,435588.50,1.20,Hugin Fm.
15/9-F-5,3825.00,2095.78,81.11,160.30,6477060.97,435591.71,1.20,Hugin Fm.
15/9-F-5,3850.00,2088.57,81.64,160.40,6477043.78,435594.87,1.20,Hugin Fm.
15/9-F-5,3875.00,2081.01,82.17,160.50,6477026.55,435597.97,1.20,Hugin Fm.
15/9-F-5,3900.00,2073.08,82.70,160.60,6477009.29,435601.03,1.20,Hugin Fm.
15/9-F-5,3925.00,2064.79,83.23,160.70,6476992.00,435604.03,1.20,Hugin Fm.
15/9-F-5,3950.00,2056.14,83.76,160.80,6476974.67,435606.98,1.20,Hugin Fm.
15/9-F-5,3975.00,2047.13,84.29,160.90,6476957.33,435609.87,1.20,Hugin Fm.
15/9-F-5,4000.00,2037.76,84.82,161.00,6476939.95,435612.71,1.20,Hugin Fm.
15/9-F-5,4025.00,2028.02,85.35,161.10,6476922.55,435615.49,1.20,Hugin Fm.
15/9-F-5,4050.00,2017.92,85.88,161.20,6476905.13,435618.22,1.20,Hugin Fm.
15/9-F-5,4075.00,2007.45,86.41,161.30,6476887.68,435620.88,1.20,Hugin Fm.
15/9-F-5,4100.00,1996.61,86.94,161.40,6476870.22,435623.50,1.20,Hugin Fm.
15/9-F-5,4125.00,1985.41,87.47,161.50,6476852.74,435626.05,1.20,Hugin Fm.
15/9-F-5,4150.00,1973.84,88.00,161.60,6476835.24,435628.54,1.20,Hugin Fm.
15/9-F-11,0.00,0.00,0.00,145.00,6478563.50,435046.20,1.20,Nordland Gp.
15/9-F-11,25.00,25.00,0.00,145.10,6478563.50,435046.20,1.20,Nordland Gp.
15/9-F-11,50.00,50.00,0.00,145.20,6478563.50,435046.20,1.20,Nordland Gp.
15/9-F-11,75.00,75.00,0.00,145.30,6478563.50,435046.20,1.20,Nordland Gp.
15/9-F-11,100.00,100.00,0.00,145.40,6478563.50,435046.20,1.20,Nordland Gp.
15/9-F-11,125.00,125.00,0.00,145.50,6478563.50,435046.20,1.20,Nordland Gp.
15/9-F-11,150.00,150.00,0.00,145.60,6478563.50,435046.20,1.20,Nordland Gp.
15/9-F-11,175.00,175.00,0.00,145.70,6478563.50,435046.20,1.20,Nordland Gp.
15/9-F-11,200.00,200.00,0.00,145.80,6478563.50,435046.20,1.20,Nordland Gp.
15/9-F-11,225.00,225.00,0.00,145.90,6478563.50,435046.20,1.20,Nordland Gp.
15/9-F-11,250.00,250.00,0.00,146.00,6478563.50,435046.20,1.20,Nordland Gp.
15/9-F-11,275.00,275.00,0.00,146.10,6478563.50,435046.20,1.20,Nordland Gp.
15/9-F-11,300.00,300.00,0.00,146.20,6478563.50,435046.20,1.20,Nordland Gp.
15/9-F-11,325.00,325.00,0.00,146.30,6478563.50,435046.20,1.20,Nordland Gp.
15/9-F-11,350.00,350.00,0.00,146.40,6478563.50,435046.20,1.20,Nordland Gp.
15/9-F-11,375.00,375.00,0.00,146.50,6478563.50,435046.20,1.20,Nordland Gp.
15/9-F-11,400.00,400.00,0.00,146.60,6478563.50,435046.20,1.20,Nordland Gp.
15/9-F-11,425.00,425.00,0.00,146.70,6478563.50,435046.20,1.20,Nordland Gp.
15/9-F-11,450.00,450.00,0.00,146.80,6478563.50,435046.20,1.20,Nordland Gp.
15/9-F-11,475.00,475.00,0.00,146.90,6478563.50,435046.20,1.20,Nordland Gp.
15/9-F-11,500.00,500.00,0.00,147.00,6478563.50,435046.20,1.20,Nordland Gp.
15/9-F-11,525.00,523.24,6.71,147.10,6478545.45,435057.88,1.20,Nordland Gp.
15/9-F-11,550.00,547.97,7.03,147.20,6478543.67,435058.98,1.20,Nordland Gp.
15/9-F-11,575.00,572.68,7.35,147.30,6478541.80,435060.13,1.20,Nordland Gp.
15/9-F-11,600.00,597.37,7.67,147.40,6478539.85,435061.32,1.20,Nordland Gp.
15/9-F-11,625.00,622.02,7.99,147.50,6478537.81,435062.56,1.20,Nordland Gp.
15/9-F-11,650.00,646.65,8.31,147.60,6478535.69,435063.85,1.20,Nordland Gp.
15/9-F-11,675.00,671.25,8.63,147.70,6478533.48,435065.18,1.20,Nordland Gp.
15/9-F-11,700.00,695.82,8.95,147.80,6478531.18,435066.55,1.20,Nordland Gp.
15/9-F-11,725.00,720.36,9.27,147.90,6478528.80,435067.97,1.20,Hordaland Gp.
15/9-F-11,750.00,744.86,9.59,148.00,6478526.33,435069.42,1.20,Hordaland Gp.
15/9-F-11,775.00,769.33,9.91,148.10,6478523.78,435070.93,1.20,Hordaland Gp.
15/9-F-11,800.00,793.76,10.23,148.20,6478521.13,435072.47,1.20,Hordaland Gp.
15/9-F-11,825.00,818.16,10.55,148.30,6478518.40,435074.05,1.20,Hordaland Gp.
15/9-F-11,850.00,842.52,10.87,148.40,6478515.58,435075.68,1.20,Hordaland Gp.
15/9-F-11,875.00,866.84,11.19,148.50,6478512.68,435077.34,1.20,Hordaland Gp.
15/9-F-11,900.00,891.12,11.51,148.60,6478509.69,435079.05,1.20,Hordaland Gp.
15/9-F-11,925.00,915.36,11.83,148.70,6478506.60,435080.79,1.20,Hordaland Gp.
15/9-F-11,950.00,939.56,12.14,148.80,6478503.44,435082.58,1.20,Hordaland Gp.
15/9-F-11,975.00,963.72,12.46,148.90,6478500.18,435084.40,1.20,Hordaland Gp.
15/9-F-11,1000.00,987.83,12.78,149.00,6478496.83,435086.26,1.20,Hordaland Gp.
15/9-F-11,1025.00,1011.89,13.10,149.10,6478493.40,435088.15,1.20,Hordaland Gp.
15/9-F-11,1050.00,1035.91,13.42,149.20,6478489.88,435090.09,1.20,Hordaland Gp.
15/9-F-11,1075.00,1059.88,13.74,149.30,6478486.27,435092.06,1.20,Hordaland Gp.
15/9-F-11,1100.00,1083.81,14.06,149.40,6478482.57,435094.06,1.20,Hordaland Gp.
15/9-F-11,1125.00,1107.68,14.38,149.50,6478478.78,435096.11,1.20,Hordaland Gp.
15/9-F-11,1150.00,1131.50,14.70,149.60,6478474.90,435098.18,1.20,Hordaland Gp.
15/9-F-11,1175.00,1155.27,15.02,149.70,6478470.93,435100.29,1.20,Hordaland Gp.
15/9-F-11,1200.00,1178.98,15.34,149.80,6478466.88,435102.44,1.20,Hordaland Gp.
15/9-F-11,1225.00,1202.65,15.66,149.90,6478462.73,435104.61,1.20,Hordaland Gp.
15/9-F-11,1250.00,1226.25,15.98,150.00,6478458.50,435106.82,1.20,Hordaland Gp.
15/9-F-11,1275.00,1249.80,16.30,150.10,6478454.17,435109.07,1.20,Hordaland Gp.
15/9-F-11,1300.00,1273.29,16.62,150.20,6478449.76,435111.34,1.20,Hordaland Gp.
15/9-F-11,1325.00,1296.73,16.94,150.30,6478445.26,435113.65,1.20,Hordaland Gp.
15/9-F-11,1350.00,1320.10,17.26,150.40,6478440.66,435115.98,1.20,Hordaland Gp.
15/9-F-11,1375.00,1343.41,17.58,150.50,6478435.98,435118.35,1.20,Hordaland Gp.
15/9-F-11,1400.00,1366.66,17.90,150.60,6478431.21,435120.74,1.20,Hordaland Gp.
15/9-F-11,1425.00,1389.85,18.22,150.70,6478426.35,435123.17,1.20,Shetland Gp.
15/9-F-11,1450.00,1412.97,18.54,150.80,6478421.40,435125.62,1.20,Shetland Gp.
15/9-F-11,1475.00,1436.03,18.86,150.90,6478416.35,435128.10,1.20,Shetland Gp.
15/9-F-11,1500.00,1459.02,19.18,151.00,6478411.22,435130.61,1.20,Shetland Gp.
15/9-F-11,1525.00,1481.95,19.50,151.10,6478406.00,435133.14,1.20,Shetland Gp.
15/9-F-11,1550.00,1504.80,19.82,151.20,6478400.69,435135.71,1.20,Shetland Gp.
15/9-F-11,1575.00,1527.59,20.13,151.30,6478395.29,435138.29,1.20,Shetland Gp.
15/9-F-11,1600.00,1550.30,20.45,151.40,6478389.80,435140.91,1.20,Shetland Gp.
15/9-F-11,1625.00,1572.94,20.77,151.50,6478384.21,435143.54,1.20,Shetland Gp.
15/9-F-11,1650.00,1595.51,21.09,151.60,6478378.54,435146.21,1.20,Shetland Gp.
15/9-F-11,1675.00,1618.01,21.41,151.70,6478372.78,435148.89,1.20,Shetland Gp.
15/9-F-11,1700.00,1640.43,21.73,151.80,6478366.93,435151.60,1.20,Shetland Gp.
15/9-F-11,1725.00,1662.77,22.05,151.90,6478360.98,435154.33,1.20,Shetland Gp.
15/9-F-11,1750.00,1685.04,22.37,152.00,6478354.95,435157.09,1.20,Shetland Gp.
15/9-F-11,1775.00,1707.22,22.69,152.10,6478348.83,435159.86,1.20,Shetland Gp.
15/9-F-11,1800.00,1729.33,23.01,152.20,6478342.62,435162.66,1.20,Shetland Gp.
15/9-F-11,1825.00,1751.36,23.33,152.30,6478336.31,435165.47,1.20,Shetland Gp.
15/9-F-11,1850.00,1773.31,23.65,152.40,6478329.92,435168.31,1.20,Shetland Gp.
15/9-F-11,1875.00,1795.17,23.97,152.50,6478323.44,435171.17,1.20,Shetland Gp.
15/9-F-11,1900.00,1816.95,24.29,152.60,6478316.87,435174.04,1.20,Shetland Gp.
15/9-F-11,1925.00,1838.65,24.61,152.70,6478310.20,435176.94,1.20,Shetland Gp.
15/9-F-11,1950.00,1860.26,24.93,152.80,6478303.45,435179.85,1.20,Shetland Gp.
15/9-F-11,1975.00,1881.78,25.25,152.90,6478296.61,435182.78,1.20,Shetland Gp.
15/9-F-11,2000.00,1903.21,25.57,153.00,6478289.68,435185.72,1.20,Shetland Gp.
15/9-F-11,2025.00,1924.56,25.89,153.10,6478282.65,435188.68,1.20,Shetland Gp.
15/9-F-11,2050.00,1945.81,26.21,153.20,6478275.54,435191.66,1.20,Shetland Gp.
15/9-F-11,2075.00,1966.98,26.53,153.30,6478268.34,435194.65,1.20,Shetland Gp.
15/9-F-11,2100.00,1988.05,26.85,153.40,6478261.05,435197.65,1.20,Shetland Gp.
15/9-F-11,2125.00,2009.03,27.17,153.50,6478253.67,435200.67,1.20,Heather Fm.
15/9-F-11,2150.00,2029.91,27.49,153.60,6478246.20,435203.71,1.20,Heather Fm.
15/9-F-11,2175.00,2050.70,27.81,153.70,6478238.64,435206.75,1.20,Heather Fm.
15/9-F-11,2200.00,2071.40,28.12,153.80,6478231.00,435209.81,1.20,Heather Fm.
15/9-F-11,2225.00,2091.99,28.44,153.90,6478223.26,435212.88,1.20,Heather Fm.
15/9-F-11,2250.00,2112.49,28.76,154.00,6478215.43,435215.96,1.20,Heather Fm.
15/9-F-11,2275.00,2132.89,29.08,154.10,6478207.52,435219.06,1.20,Heather Fm.
15/9-F-11,2300.00,2153.19,29.40,154.20,6478199.51,435222.16,1.20,Heather Fm.
15/9-F-11,2325.00,2173.38,29.72,154.30,6478191.42,435225.27,1.20,Heather Fm.
15/9-F-11,2350.00,2193.48,30.04,154.40,6478183.24,435228.39,1.20,Heather Fm.
15/9-F-11,2375.00,2213.47,30.36,154.50,6478174.97,435231.52,1.20,Heather Fm.
15/9-F-11,2400.00,2233.35,30.68,154.60,6478166.61,435234.66,1.20,Heather Fm.
15/9-F-11,2425.00,2253.13,31.00,154.70,6478158.17,435237.80,1.20,Heather Fm.
15/9-F-11,2450.00,2272.80,31.32,154.80,6478149.63,435240.95,1.20,Heather Fm.
15/9-F-11,2475.00,2292.37,31.64,154.90,6478141.01,435244.11,1.20,Heather Fm.
15/9-F-11,2500.00,2311.83,31.96,155.00,6478132.30,435247.27,1.20,Heather Fm.
15/9-F-11,2525.00,2331.18,32.28,155.10,6478123.50,435250.44,1.20,Heather Fm.
15/9-F-11,2550.00,2350.41,32.60,155.20,6478114.62,435253.61,1.20,Heather Fm.
15/9-F-11,2575.00,2369.54,32.92,155.30,6478105.65,435256.79,1.20,Heather Fm.
15/9-F-11,2600.00,2388.55,33.24,155.40,6478096.59,435259.97,1.20,Heather Fm.
15/9-F-11,2625.00,2407.45,33.56,155.50,6478087.44,435263.15,1.20,Heather Fm.
15/9-F-11,2650.00,2426.24,33.88,155.60,6478078.21,435266.34,1.20,Heather Fm.
15/9-F-11,2675.00,2444.91,34.20,155.70,6478068.89,435269.53,1.20,Heather Fm.
15/9-F-11,2700.00,2463.46,34.52,155.80,6478059.48,435272.71,1.20,Heather Fm.
15/9-F-11,2725.00,2481.89,34.84,155.90,6478049.99,435275.90,1.20,Heather Fm.
15/9-F-11,2750.00,2500.21,35.16,156.00,6478040.41,435279.09,1.20,Heather Fm.
15/9-F-11,2775.00,2518.41,35.48,156.10,6478030.75,435282.28,1.20,Heather Fm.
15/9-F-11,2800.00,2536.49,35.80,156.20,6478021.00,435285.47,1.20,Heather Fm.
15/9-F-11,2825.00,2554.44,36.12,156.30,6478011.16,435288.66,1.20,Hugin Fm.
15/9-F-11,2850.00,2572.28,36.43,156.40,6478001.24,435291.84,1.20,Hugin Fm.
15/9-F-11,2875.00,2589.99,36.75,156.50,6477991.24,435295.03,1.20,Hugin Fm.
15/9-F-11,2900.00,2607.57,37.07,156.60,6477981.15,435298.21,1.20,Hugin Fm.
15/9-F-11,2925.00,2625.03,37.39,156.70,6477970.97,435301.38,1.20,Hugin Fm.
15/9-F-11,2950.00,2642.37,37.71,156.80,6477960.72,435304.55,1.20,Hugin Fm.
15/9-F-11,2975.00,2659.58,38.03,156.90,6477950.37,435307.72,1.20,Hugin Fm.
15/9-F-11,3000.00,2676.66,38.35,157.00,6477939.95,435310.88,1.20,Hugin Fm.
15/9-F-11,3025.00,2693.61,38.67,157.10,6477929.44,435314.04,1.20,Hugin Fm.
15/9-F-11,3050.00,2710.43,38.99,157.20,6477918.84,435317.19,1.20,Hugin Fm.
15/9-F-11,3075.00,2727.12,39.31,157.30,6477908.16,435320.33,1.20,Hugin Fm.
15/9-F-11,3100.00,2743.68,39.63,157.40,6477897.41,435323.47,1.20,Hugin Fm.
15/9-F-11,3125.00,2760.10,39.95,157.50,6477886.56,435326.60,1.20,Hugin Fm.
15/9-F-11,3150.00,2776.39,40.27,157.60,6477875.64,435329.72,1.20,Hugin Fm.
15/9-F-11,3175.00,2792.55,40.59,157.70,6477864.63,435332.83,1.20,Hugin Fm.
15/9-F-11,3200.00,2808.57,40.91,157.80,6477853.54,435335.93,1.20,Hugin Fm.
15/9-F-11,3225.00,2824.46,41.23,157.90,6477842.37,435339.02,1.20,Hugin Fm.
15/9-F-11,3250.00,2840.21,41.55,158.00,6477831.12,435342.10,1.20,Hugin Fm.
15/9-F-11,3275.00,2855.82,41.87,158.10,6477819.79,435345.17,1.20,Hugin Fm.
15/9-F-11,3300.00,2871.29,42.19,158.20,6477808.38,435348.23,1.20,Hugin Fm.
15/9-F-11,3325.00,2886.62,42.51,158.30,6477796.89,435351.27,1.20,Hugin Fm.
15/9-F-11,3350.00,2901.81,42.83,158.40,6477785.31,435354.31,1.20,Hugin Fm.
15/9-F-11,3375.00,2916.86,43.15,158.50,6477773.66,435357.33,1.20,Hugin Fm.
15/9-F-11,3400.00,2931.76,43.47,158.60,6477761.93,435360.33,1.20,Hugin Fm.
15/9-F-11,3425.00,2946.52,43.79,158.70,6477750.12,435363.32,1.20,Hugin Fm.
15/9-F-11,3450.00,2961.14,44.11,158.80,6477738.23,435366.30,1.20,Hugin Fm.
15/9-F-11,3475.00,2975.61,44.42,158.90,6477726.26,435369.26,1.20,Hugin Fm.
15/9-F-11,3500.00,2989.94,44.74,159.00,6477714.22,435372.21,1.20,Hugin Fm.
15/9-19 A,0.00,0.00,0.00,145.00,6479100.00,434820.00,1.20,Nordland Gp.
15/9-19 A,25.00,25.00,0.00,145.10,6479100.00,434820.00,1.20,Nordland Gp.
15/9-19 A,50.00,50.00,0.00,145.20,6479100.00,434820.00,1.20,Nordland Gp.
15/9-19 A,75.00,75.00,0.00,145.30,6479100.00,434820.00,1.20,Nordland Gp.
15/9-19 A,100.00,100.00,0.00,145.40,6479100.00,434820.00,1.20,Nordland Gp.
15/9-19 A,125.00,125.00,0.00,145.50,6479100.00,434820.00,1.20,Nordland Gp.
15/9-19 A,150.00,150.00,0.00,145.60,6479100.00,434820.00,1.20,Nordland Gp.
15/9-19 A,175.00,175.00,0.00,145.70,6479100.00,434820.00,1.20,Nordland Gp.
15/9-19 A,200.00,200.00,0.00,145.80,6479100.00,434820.00,1.20,Nordland Gp.
15/9-19 A,225.00,225.00,0.00,145.90,6479100.00,434820.00,1.20,Nordland Gp.
15/9-19 A,250.00,250.00,0.00,146.00,6479100.00,434820.00,1.20,Nordland Gp.
15/9-19 A,275.00,275.00,0.00,146.10,6479100.00,434820.00,1.20,Nordland Gp.
15/9-19 A,300.00,300.00,0.00,146.20,6479100.00,434820.00,1.20,Nordland Gp.
15/9-19 A,325.00,325.00,0.00,146.30,6479100.00,434820.00,1.20,Nordland Gp.
15/9-19 A,350.00,350.00,0.00,146.40,6479100.00,434820.00,1.20,Nordland Gp.
15/9-19 A,375.00,375.00,0.00,146.50,6479100.00,434820.00,1.20,Nordland Gp.
15/9-19 A,400.00,400.00,0.00,146.60,6479100.00,434820.00,1.20,Nordland Gp.
15/9-19 A,425.00,425.00,0.00,146.70,6479100.00,434820.00,1.20,Nordland Gp.
15/9-19 A,450.00,450.00,0.00,146.80,6479100.00,434820.00,1.20,Nordland Gp.
15/9-19 A,475.00,475.00,0.00,146.90,6479100.00,434820.00,1.20,Nordland Gp.
15/9-19 A,500.00,500.00,0.00,147.00,6479100.00,434820.00,1.20,Nordland Gp.
15/9-19 A,525.00,523.01,7.14,147.10,6479080.81,434832.42,1.20,Nordland Gp.
15/9-19 A,550.00,547.71,7.48,147.20,6479078.91,434833.59,1.20,Nordland Gp.
15/9-19 A,575.00,572.38,7.82,147.30,6479076.93,434834.81,1.20,Hordaland Gp.
15/9-19 A,600.00,597.02,8.16,147.40,6479074.85,434836.08,1.20,Hordaland Gp.
15/9-19 A,625.00,621.64,8.50,147.50,6479072.69,434837.40,1.20,Hordaland Gp.
15/9-19 A,650.00,646.22,8.84,147.60,6479070.43,434838.76,1.20,Hordaland Gp.
15/9-19 A,675.00,670.76,9.18,147.70,6479068.08,434840.18,1.20,Hordaland Gp.
15/9-19 A,700.00,695.27,9.52,147.80,6479065.64,434841.64,1.20,Hordaland Gp.
15/9-19 A,725.00,719.75,9.86,147.90,6479063.11,434843.14,1.20,Hordaland Gp.
15/9-19 A,750.00,744.19,10.20,148.00,6479060.49,434844.69,1.20,Hordaland Gp.
15/9-19 A,775.00,768.59,10.54,148.10,6479057.77,434846.29,1.20,Hordaland Gp.
15/9-19 A,800.00,792.95,10.88,148.20,6479054.96,434847.93,1.20,Hordaland Gp.
15/9-19 A,825.00,817.27,11.22,148.30,6479052.06,434849.61,1.20,Hordaland Gp.
15/9-19 A,850.00,841.54,11.56,148.40,6479049.06,434851.34,1.20,Hordaland Gp.
15/9-19 A,875.00,865.78,11.90,148.50,6479045.98,434853.11,1.20,Hordaland Gp.
15/9-19 A,900.00,889.96,12.24,148.60,6479042.80,434854.92,1.20,Hordaland Gp.
15/9-19 A,925.00,914.10,12.58,148.70,6479039.52,434856.77,1.20,Hordaland Gp.
15/9-19 A,950.00,938.20,12.92,148.80,6479036.16,434858.67,1.20,Hordaland Gp.
15/9-19 A,975.00,962.24,13.26,148.90,6479032.69,434860.60,1.20,Hordaland Gp.
15/9-19 A,1000.00,986.24,13.60,149.00,6479029.14,434862.58,1.20,Hordaland Gp.
15/9-19 A,1025.00,1010.18,13.94,149.10,6479025.49,434864.59,1.20,Hordaland Gp.
15/9-19 A,1050.00,1034.07,14.27,149.20,6479021.75,434866.65,1.20,Hordaland Gp.
15/9-19 A,1075.00,1057.91,14.61,149.30,6479017.92,434868.74,1.20,Hordaland Gp.
15/9-19 A,1100.00,1081.69,14.95,149.40,6479013.99,434870.87,1.20,Hordaland Gp.
15/9-19 A,1125.00,1105.42,15.29,149.50,6479009.96,434873.04,1.20,Shetland Gp.
15/9-19 A,1150.00,1129.08,15.63,149.60,6479005.84,434875.24,1.20,Shetland Gp.
15/9-19 A,1175.00,1152.69,15.97,149.70,6479001.63,434877.48,1.20,Shetland Gp.
15/9-19 A,1200.00,1176.24,16.31,149.80,6478997.32,434879.76,1.20,Shetland Gp.
15/9-19 A,1225.00,1199.73,16.65,149.90,6478992.92,434882.07,1.20,Shetland Gp.
15/9-19 A,1250.00,1223.16,16.99,150.00,6478988.43,434884.42,1.20,Shetland Gp.
15/9-19 A,1275.00,1246.52,17.33,150.10,6478983.84,434886.80,1.20,Shetland Gp.
15/9-19 A,1300.00,1269.81,17.67,150.20,6478979.15,434889.21,1.20,Shetland Gp.
15/9-19 A,1325.00,1293.04,18.01,150.30,6478974.37,434891.66,1.20,Shetland Gp.
15/9-19 A,1350.00,1316.20,18.35,150.40,6478969.50,434894.14,1.20,Shetland Gp.
15/9-19 A,1375.00,1339.30,18.69,150.50,6478964.53,434896.65,1.20,Shetland Gp.
15/9-19 A,1400.00,1362.32,19.03,150.60,6478959.46,434899.19,1.20,Shetland Gp.
15/9-19 A,1425.00,1385.27,19.37,150.70,6478954.30,434901.76,1.20,Shetland Gp.
15/9-19 A,1450.00,1408.15,19.71,150.80,6478949.05,434904.36,1.20,Shetland Gp.
15/9-19 A,1475.00,1430.96,20.05,150.90,6478943.70,434907.00,1.20,Shetland Gp.
15/9-19 A,1500.00,1453.69,20.39,151.00,6478938.26,434909.66,1.20,Shetland Gp.
15/9-19 A,1525.00,1476.34,20.73,151.10,6478932.72,434912.35,1.20,Shetland Gp.
15/9-19 A,1550.00,1498.92,21.07,151.20,6478927.08,434915.06,1.20,Shetland Gp.
15/9-19 A,1575.00,1521.41,21.41,151.30,6478921.35,434917.81,1.20,Shetland Gp.
15/9-19 A,1600.00,1543.83,21.75,151.40,6478915.53,434920.58,1.20,Shetland Gp.
15/9-19 A,1625.00,1566.17,22.09,151.50,6478909.61,434923.37,1.20,Shetland Gp.
15/9-19 A,1650.00,1588.42,22.43,151.60,6478903.59,434926.20,1.20,Shetland Gp.
15/9-19 A,1675.00,1610.59,22.77,151.70,6478897.48,434929.04,1.20,Draupne Fm.
15/9-19 A,1700.00,1632.68,23.11,151.80,6478891.28,434931.92,1.20,Draupne Fm.
15/9-19 A,1725.00,1654.68,23.45,151.90,6478884.98,434934.81,1.20,Draupne Fm.
15/9-19 A,1750.00,1676.59,23.79,152.00,6478878.58,434937.73,1.20,Draupne Fm.
15/9-19 A,1775.00,1698.42,24.13,152.10,6478872.09,434940.67,1.20,Draupne Fm.
15/9-19 A,1800.00,1720.15,24.47,152.20,6478865.51,434943.63,1.20,Draupne Fm.
15/9-19 A,1825.00,1741.79,24.81,152.30,6478858.83,434946.62,1.20,Draupne Fm.
15/9-19 A,1850.00,1763.35,25.15,152.40,6478852.06,434949.62,1.20,Draupne Fm.
15/9-19 A,1875.00,1784.81,25.49,152.50,6478845.19,434952.65,1.20,Draupne Fm.
15/9-19 A,1900.00,1806.17,25.83,152.60,6478838.23,434955.69,1.20,Draupne Fm.
15/9-19 A,1925.00,1827.44,26.17,152.70,6478831.17,434958.75,1.20,Draupne Fm.
15/9-19 A,1950.00,1848.61,26.51,152.80,6478824.02,434961.84,1.20,Draupne Fm.
15/9-19 A,1975.00,1869.68,26.85,152.90,6478816.77,434964.94,1.20,Draupne Fm.
15/9-19 A,2000.00,1890.66,27.19,153.00,6478809.43,434968.05,1.20,Draupne Fm.
15/9-19 A,2025.00,1911.53,27.53,153.10,6478801.99,434971.19,1.20,Draupne Fm.
15/9-19 A,2050.00,1932.31,27.87,153.20,6478794.46,434974.34,1.20,Draupne Fm.
15/9-19 A,2075.00,1952.98,28.21,153.30,6478786.84,434977.50,1.20,Draupne Fm.
15/9-19 A,2100.00,1973.54,28.55,153.40,6478779.12,434980.68,1.20,Draupne Fm.
15/9-19 A,2125.00,1994.01,28.89,153.50,6478771.31,434983.88,1.20,Draupne Fm.
15/9-19 A,2150.00,2014.36,29.23,153.60,6478763.41,434987.09,1.20,Draupne Fm.
15/9-19 A,2175.00,2034.61,29.57,153.70,6478755.41,434990.31,1.20,Draupne Fm.
15/9-19 A,2200.00,2054.75,29.91,153.80,6478747.32,434993.54,1.20,Draupne Fm.
15/9-19 A,2225.00,2074.78,30.25,153.90,6478739.13,434996.79,1.20,Hugin Fm.
15/9-19 A,2250.00,2094.70,30.59,154.00,6478730.85,435000.04,1.20,Hugin Fm.
15/9-19 A,2275.00,2114.51,30.93,154.10,6478722.48,435003.31,1.20,Hugin Fm.
15/9-19 A,2300.00,2134.20,31.27,154.20,6478714.02,435006.59,1.20,Hugin Fm.
15/9-19 A,2325.00,2153.78,31.61,154.30,6478705.46,435009.88,1.20,Hugin Fm.
15/9-19 A,2350.00,2173.24,31.95,154.40,6478696.81,435013.18,1.20,Hugin Fm.
15/9-19 A,2375.00,2192.59,32.29,154.50,6478688.07,435016.48,1.20,Hugin Fm.
15/9-19 A,2400.00,2211.82,32.63,154.60,6478679.24,435019.79,1.20,Hugin Fm.
15/9-19 A,2425.00,2230.94,32.97,154.70,6478670.31,435023.11,1.20,Hugin Fm.
15/9-19 A,2450.00,2249.93,33.31,154.80,6478661.29,435026.44,1.20,Hugin Fm.
15/9-19 A,2475.00,2268.80,33.65,154.90,6478652.18,435029.77,1.20,Hugin Fm.
15/9-19 A,2500.00,2287.55,33.99,155.00,6478642.98,435033.11,1.20,Hugin Fm.
15/9-19 A,2525.00,2306.17,34.33,155.10,6478633.69,435036.45,1.20,Hugin Fm.
15/9-19 A,2550.00,2324.68,34.67,155.20,6478624.31,435039.80,1.20,Hugin Fm.
15/9-19 A,2575.00,2343.05,35.01,155.30,6478614.83,435043.15,1.20,Hugin Fm.
15/9-19 A,2600.00,2361.30,35.35,155.40,6478605.27,435046.51,1.20,Hugin Fm.
15/9-19 A,2625.00,2379.42,35.69,155.50,6478595.61,435049.86,1.20,Hugin Fm.
15/9-19 A,2650.00,2397.42,36.03,155.60,6478585.87,435053.22,1.20,Hugin Fm.
15/9-19 A,2675.00,2415.28,36.37,155.70,6478576.03,435056.58,1.20,Hugin Fm.
15/9-19 A,2700.00,2433.01,36.71,155.80,6478566.11,435059.94,1.20,Hugin Fm.
15/9-19 A,2725.00,2450.61,37.05,155.90,6478556.09,435063.30,1.20,Hugin Fm.
15/9-19 A,2750.00,2468.08,37.39,156.00,6478545.99,435066.66,1.20,Hugin Fm.
15/9-19 A,2775.00,2485.41,37.73,156.10,6478535.80,435070.02,1.20,Sleipner Fm.
15/9-19 A,2800.00,2502.61,38.07,156.20,6478525.52,435073.38,1.20,Sleipner Fm.
15/9-19 A,2825.00,2519.68,38.41,156.30,6478515.15,435076.73,1.20,Sleipner Fm.
15/9-19 A,2850.00,2536.60,38.75,156.40,6478504.69,435080.09,1.20,Sleipner Fm.
15/9-19 A,2875.00,2553.39,39.09,156.50,6478494.14,435083.43,1.20,Sleipner Fm.
15/9-19 A,2900.00,2570.03,39.43,156.60,6478483.51,435086.78,1.20,Sleipner Fm.
15/9-19 A,2925.00,2586.54,39.77,156.70,6478472.79,435090.12,1.20,Sleipner Fm.
15/9-19 A,2950.00,2602.90,40.11,156.80,6478461.98,435093.46,1.20,Sleipner Fm.
15/9-19 A,2975.00,2619.13,40.45,156.90,6478451.09,435096.79,1.20,Sleipner Fm.
15/9-19 A,3000.00,2635.20,40.79,157.00,6478440.10,435100.11,1.20,Sleipner Fm.
15/9-19 A,3025.00,2651.14,41.13,157.10,6478429.04,435103.43,1.20,Sleipner Fm.
15/9-19 A,3050.00,2666.93,41.47,157.20,6478417.88,435106.74,1.20,Sleipner Fm.
15/9-19 A,3075.00,2682.57,41.81,157.30,6478406.64,435110.04,1.20,Sleipner Fm.
15/9-19 A,3100.00,2698.06,42.15,157.40,6478395.32,435113.33,1.20,Sleipner Fm.
15/9-19 A,3125.00,2713.41,42.48,157.50,6478383.91,435116.61,1.20,Sleipner Fm.
15/9-19 A,3150.00,2728.60,42.82,157.60,6478372.42,435119.89,1.20,Sleipner Fm.
15/9-19 A,3175.00,2743.65,43.16,157.70,6478360.84,435123.15,1.20,Sleipner Fm.
15/9-19 A,3200.00,2758.54,43.50,157.80,6478349.18,435126.40,1.20,Sleipner Fm.
15/9-19 A,3225.00,2773.28,43.84,157.90,6478337.43,435129.65,1.20,Sleipner Fm.
15/9-19 A,3250.00,2787.87,44.18,158.00,6478325.61,435132.88,1.20,Sleipner Fm.
15/9-19 A,3275.00,2802.30,44.52,158.10,6478313.70,435136.09,1.20,Sleipner Fm.
15/9-19 A,3300.00,2816.57,44.86,158.20,6478301.70,435139.30,1.20,Sleipner Fm.
